Id,Name,Version,Description,Supplier,ExecutableProperty,Licenses,Copyright,MatchType,CriticalVulnerabilityCount,HighVulnerabilityCount,MediumVulnerabilityCount,LowVulnerabilityCount,NoneVulnerabilityCount,NumberOfVersionsSinceLastUpdate,NewestVersionReleaseDate,NewestVersion,Outdated,ReleaseDate,RiskScore,Severity,Locations,PackageRepository,IsMalicious,IsDirectDependency,IsDevelopmentDependency,IsTestDependency,IsNpmVerified,IsViolatingPolicy,UsageType,DependencyType,VulnerabilityCount,IsPrivatePackage,PackagePaths,NextVersionWithoutVulnerabilities,LatestVersionWithoutVulnerabilities,NextRecommendedMoreSecureVersion,LatestRecommendedMoreSecureVersion,PackageState,PackageStateValue,PackageStateLastUpdateDate,PackageStateLastUpdateUser,PackageStateLastUpdateComment
"Maven-org.springframework.boot:spring-boot-starter-actuator-3.4.6","org.springframework.boot:spring-boot-starter-actuator","3.4.6",,"SonaType","No",["Apache 2.0"],"Copyright (c) 2012-2025 VMware, Inc.","Filename",0,2,0,0,0,36,2026-03-26T10:02:00.000Z,"4.1.0-M4",True,2025-05-22T11:53:22.000Z,8.2,"HIGH",["pom.xml"],"Maven",False,True,False,False,False,False,"Package source code not available","Direct",2,False,[],"3.5.12","4.1.0-M4","3.5.12","4.1.0-M4","Monitored",,,,
"Maven-com.fasterxml:classmate-1.7.0","com.fasterxml:classmate","1.7.0",,"SonaType","No",["Apache 2.0"],"Copyright 2007-, Tatu Saloranta (tatu.saloranta@iki.fi)","Filename",0,0,0,0,0,3,2026-01-02T19:39:00.000Z,"1.7.3",True,2024-01-03T01:13:09.797Z,0,"NONE",["pom.xml"],"Maven",False,False,False,False,False,False,"Potentially","Transitive",0,False,[[{"Id":"Maven-org.hibernate.orm:hibernate-core-6.5.2.Final";"Name":"org.hibernate.orm:hibernate-core";"Version":"6.5.2.Final";"IsResolved":true;"IsDevelopment":false};{"Id":"Maven-com.fasterxml:classmate-1.7.0";"Name":"com.fasterxml:classmate";"Version":"1.7.0";"IsResolved":true;"IsDevelopment":false}];[{"Id":"Maven-org.springframework.boot:spring-boot-starter-validation-3.4.6";"Name":"org.springframework.boot:spring-boot-starter-validation";"Version":"3.4.6";"IsResolved":true;"IsDevelopment":false};{"Id":"Maven-org.hibernate.validator:hibernate-validator-8.0.2.Final";"Name":"org.hibernate.validator:hibernate-validator";"Version":"8.0.2.Final";"IsResolved":true;"IsDevelopment":false};{"Id":"Maven-com.fasterxml:classmate-1.7.0";"Name":"com.fasterxml:classmate";"Version":"1.7.0";"IsResolved":true;"IsDevelopment":false}]],,,,,"Monitored",,,,
"Maven-com.fasterxml.jackson.core:jackson-annotations-2.18.6","com.fasterxml.jackson.core:jackson-annotations","2.18.6",,"SonaType","No",["Apache 2.0"],"Copyright 2007-, Tatu Saloranta (tatu.saloranta@iki.fi)","Filename",0,0,0,0,0,1,2026-04-24T20:14:00.000Z,"2.18.7",True,2026-02-22T23:05:00.000Z,0,"NONE",["pom.xml"],"Maven",False,True,False,False,False,False,"Used","Mixed",0,False,[[{"Id":"Maven-com.fasterxml.jackson.core:jackson-annotations-2.18.6";"Name":"com.fasterxml.jackson.core:jackson-annotations";"Version":"2.18.6";"IsResolved":true;"IsDevelopment":false}];[{"Id":"Maven-com.fasterxml.jackson.core:jackson-databind-2.18.6";"Name":"com.fasterxml.jackson.core:jackson-databind";"Version":"2.18.6";"IsResolved":true;"IsDevelopment":false};{"Id":"Maven-com.fasterxml.jackson.core:jackson-annotations-2.18.6";"Name":"com.fasterxml.jackson.core:jackson-annotations";"Version":"2.18.6";"IsResolved":true;"IsDevelopment":false}]],,,,,"Monitored",,,,
"Maven-com.fasterxml.jackson.core:jackson-core-2.18.6","com.fasterxml.jackson.core:jackson-core","2.18.6",,"SonaType","No",["Apache 2.0"],"Copyright 2007-, Tatu Saloranta (tatu.saloranta@iki.fi);Copyright © 2023 Werner Randelshofer, Switzerland. MIT License.;Copyright (c) 2007- Tatu Saloranta, tatu.saloranta@iki.fi;Copyright 2018-2020 Raffaello Giulietti","Filename",0,0,0,0,0,6,2026-03-20T16:30:00.000Z,"2.21.2",True,2026-02-22T23:18:00.000Z,0,"NONE",["pom.xml"],"Maven",False,True,False,False,False,False,"Used","Mixed",0,False,[[{"Id":"Maven-com.fasterxml.jackson.core:jackson-core-2.18.6";"Name":"com.fasterxml.jackson.core:jackson-core";"Version":"2.18.6";"IsResolved":true;"IsDevelopment":false}];[{"Id":"Maven-com.fasterxml.jackson.core:jackson-databind-2.18.6";"Name":"com.fasterxml.jackson.core:jackson-databind";"Version":"2.18.6";"IsResolved":true;"IsDevelopment":false};{"Id":"Maven-com.fasterxml.jackson.core:jackson-core-2.18.6";"Name":"com.fasterxml.jackson.core:jackson-core";"Version":"2.18.6";"IsResolved":true;"IsDevelopment":false}]],,,,,"Monitored",,,,
"Maven-com.fasterxml.jackson.core:jackson-databind-2.18.6","com.fasterxml.jackson.core:jackson-databind","2.18.6",,"SonaType","No",["Apache 2.0"],"Copyright 2007-, Tatu Saloranta (tatu.saloranta@iki.fi)","Filename",0,0,0,0,0,6,2026-03-20T16:42:00.000Z,"2.21.2",True,2026-02-22T23:29:00.000Z,0,"NONE",["pom.xml"],"Maven",False,True,False,False,False,False,"Used","Direct",0,False,[],,,,,"Monitored",,,,
"Maven-com.fasterxml.jackson.datatype:jackson-datatype-jdk8-2.18.4","com.fasterxml.jackson.datatype:jackson-datatype-jdk8","2.18.4",,"SonaType","No",["Apache 2.0"],,"Filename",0,0,0,0,0,17,2026-03-20T17:10:00.000Z,"2.21.2",True,2025-05-07T01:00:21.680Z,0,"NONE",["pom.xml"],"Maven",False,False,False,False,False,False,"Unused","Transitive",0,False,[[{"Id":"Maven-org.springframework.boot:spring-boot-starter-web-3.4.6";"Name":"org.springframework.boot:spring-boot-starter-web";"Version":"3.4.6";"IsResolved":true;"IsDevelopment":false};{"Id":"Maven-org.springframework.boot:spring-boot-starter-json-3.4.6";"Name":"org.springframework.boot:spring-boot-starter-json";"Version":"3.4.6";"IsResolved":true;"IsDevelopment":false};{"Id":"Maven-com.fasterxml.jackson.datatype:jackson-datatype-jdk8-2.18.4";"Name":"com.fasterxml.jackson.datatype:jackson-datatype-jdk8";"Version":"2.18.4";"IsResolved":true;"IsDevelopment":false}]],,,,,"Monitored",,,,
"Maven-com.fasterxml.jackson.datatype:jackson-datatype-jsr310-2.18.4","com.fasterxml.jackson.datatype:jackson-datatype-jsr310","2.18.4",,"SonaType","No",["Apache 2.0"],"Copyright 2013 FasterXML.com","Filename",0,0,0,0,0,18,2026-03-20T17:10:00.000Z,"2.21.2",True,2025-05-07T01:00:20.165Z,0,"NONE",["pom.xml"],"Maven",False,False,False,False,False,False,"Used","Transitive",0,False,[[{"Id":"Maven-org.springframework.boot:spring-boot-starter-actuator-3.4.6";"Name":"org.springframework.boot:spring-boot-starter-actuator";"Version":"3.4.6";"IsResolved":true;"IsDevelopment":false};{"Id":"Maven-org.springframework.boot:spring-boot-actuator-autoconfigure-3.4.6";"Name":"org.springframework.boot:spring-boot-actuator-autoconfigure";"Version":"3.4.6";"IsResolved":true;"IsDevelopment":false};{"Id":"Maven-com.fasterxml.jackson.datatype:jackson-datatype-jsr310-2.18.4";"Name":"com.fasterxml.jackson.datatype:jackson-datatype-jsr310";"Version":"2.18.4";"IsResolved":true;"IsDevelopment":false}];[{"Id":"Maven-org.springframework.boot:spring-boot-starter-web-3.4.6";"Name":"org.springframework.boot:spring-boot-starter-web";"Version":"3.4.6";"IsResolved":true;"IsDevelopment":false};{"Id":"Maven-org.springframework.boot:spring-boot-starter-json-3.4.6";"Name":"org.springframework.boot:spring-boot-starter-json";"Version":"3.4.6";"IsResolved":true;"IsDevelopment":false};{"Id":"Maven-com.fasterxml.jackson.datatype:jackson-datatype-jsr310-2.18.4";"Name":"com.fasterxml.jackson.datatype:jackson-datatype-jsr310";"Version":"2.18.4";"IsResolved":true;"IsDevelopment":false}]],,,,,"Monitored",,,,
"Maven-com.fasterxml.jackson.module:jackson-module-parameter-names-2.18.4","com.fasterxml.jackson.module:jackson-module-parameter-names","2.18.4",,"SonaType","No",["Apache 2.0"],,"Filename",0,0,0,0,0,16,2026-03-20T17:10:00.000Z,"2.21.2",True,2025-05-07T01:00:18.983Z,0,"NONE",["pom.xml"],"Maven",False,False,False,False,False,False,"Unused","Transitive",0,False,[[{"Id":"Maven-org.springframework.boot:spring-boot-starter-web-3.4.6";"Name":"org.springframework.boot:spring-boot-starter-web";"Version":"3.4.6";"IsResolved":true;"IsDevelopment":false};{"Id":"Maven-org.springframework.boot:spring-boot-starter-json-3.4.6";"Name":"org.springframework.boot:spring-boot-starter-json";"Version":"3.4.6";"IsResolved":true;"IsDevelopment":false};{"Id":"Maven-com.fasterxml.jackson.module:jackson-module-parameter-names-2.18.4";"Name":"com.fasterxml.jackson.module:jackson-module-parameter-names";"Version":"2.18.4";"IsResolved":true;"IsDevelopment":false}]],,,,,"Monitored",,,,
"Maven-com.fasterxml.jackson.module:jackson-modules-java8-2.13.2","com.fasterxml.jackson.module:jackson-modules-java8","2.13.2",,"SonaType","No",["Apache 2.0"],,"Filename",0,0,0,0,0,41,2026-03-20T17:10:00.000Z,"2.21.2",True,2022-03-06T21:23:49.000Z,0,"NONE",["pom.xml"],"Maven",False,True,False,False,False,False,"Package source code not available","Direct",0,False,[],,,,,"Monitored",,,,
"Maven-com.google.android:annotations-4.1.1.4","com.google.android:annotations","4.1.1.4",,"Redhat,SonaType","No",["Apache 2.0"],"Copyright (C) 2012 The Android Open Source Project","Filename",0,0,0,0,0,0,,,False,2021-12-14T19:31:51.000Z,0,"NONE",["pom.xml"],"Maven",False,False,False,False,False,False,"Potentially","Transitive",0,False,[[{"Id":"Maven-net.devh:grpc-client-spring-boot-starter-3.1.0.RELEASE";"Name":"net.devh:grpc-client-spring-boot-starter";"Version":"3.1.0.RELEASE";"IsResolved":true;"IsDevelopment":false};{"Id":"Maven-net.devh:grpc-common-spring-boot-3.1.0.RELEASE";"Name":"net.devh:grpc-common-spring-boot";"Version":"3.1.0.RELEASE";"IsResolved":true;"IsDevelopment":false};{"Id":"Maven-io.grpc:grpc-core-1.76.0";"Name":"io.grpc:grpc-core";"Version":"1.76.0";"IsResolved":true;"IsDevelopment":false};{"Id":"Maven-com.google.android:annotations-4.1.1.4";"Name":"com.google.android:annotations";"Version":"4.1.1.4";"IsResolved":true;"IsDevelopment":false}];[{"Id":"Maven-net.devh:grpc-server-spring-boot-starter-3.1.0.RELEASE";"Name":"net.devh:grpc-server-spring-boot-starter";"Version":"3.1.0.RELEASE";"IsResolved":true;"IsDevelopment":false};{"Id":"Maven-net.devh:grpc-common-spring-boot-3.1.0.RELEASE";"Name":"net.devh:grpc-common-spring-boot";"Version":"3.1.0.RELEASE";"IsResolved":true;"IsDevelopment":false};{"Id":"Maven-io.grpc:grpc-core-1.76.0";"Name":"io.grpc:grpc-core";"Version":"1.76.0";"IsResolved":true;"IsDevelopment":false};{"Id":"Maven-com.google.android:annotations-4.1.1.4";"Name":"com.google.android:annotations";"Version":"4.1.1.4";"IsResolved":true;"IsDevelopment":false}]],,,,,"Monitored",,,,
"Maven-com.google.api.grpc:proto-google-common-protos-2.59.2","com.google.api.grpc:proto-google-common-protos","2.59.2",,"SonaType","No",["Apache 2.0"],"Copyright 2018 Google LLC;Copyright 2025 Google LLC","Filename",0,0,0,0,0,20,2026-04-14T02:35:00.000Z,"2.70.0",True,2025-07-22T19:26:00.000Z,0,"NONE",["pom.xml"],"Maven",False,False,False,False,False,False,"Used","Transitive",0,False,[[{"Id":"Maven-io.grpc:grpc-protobuf-1.76.0";"Name":"io.grpc:grpc-protobuf";"Version":"1.76.0";"IsResolved":true;"IsDevelopment":false};{"Id":"Maven-com.google.api.grpc:proto-google-common-protos-2.59.2";"Name":"com.google.api.grpc:proto-google-common-protos";"Version":"2.59.2";"IsResolved":true;"IsDevelopment":false}]],,,,,"Monitored",,,,
"Maven-com.google.code.findbugs:jsr305-3.0.2","com.google.code.findbugs:jsr305","3.0.2",,"Redhat,SonaType","No",["Apache 2.0"],,"Filename",0,0,0,0,0,10,2025-09-09T03:50:16.000Z,"3.0.2.redhat-00020",True,2017-03-31T10:55:30.000Z,0,"NONE",["pom.xml"],"Maven",False,False,False,False,False,False,"Used","Transitive",0,False,[[{"Id":"Maven-io.grpc:grpc-protobuf-1.76.0";"Name":"io.grpc:grpc-protobuf";"Version":"1.76.0";"IsResolved":true;"IsDevelopment":false};{"Id":"Maven-com.google.code.findbugs:jsr305-3.0.2";"Name":"com.google.code.findbugs:jsr305";"Version":"3.0.2";"IsResolved":true;"IsDevelopment":false}]],,,,,"Monitored",,,,
"Maven-com.google.code.gson:gson-2.13.1","com.google.code.gson:gson","2.13.1",,"SonaType","No",["Apache 2.0"],"Copyright 2008 Google LLC;Copyright (C) 2008 Google Inc.;Copyright (C) 2009 Google Inc.;Copyright (C) 2022 Google Inc.;Copyright (C) 2010 Google Inc.;Copyright (C) 2021 Google Inc.;Copyright (C) 2011 Google Inc.;Copyright (C) 2014 Google Inc.;Copyright (C) 2017 The Gson authors;Copyright (C) 2010 The Android Open Source Project;Copyright (C) 2012 Google Inc.;Copyright (C) 2018 Google Inc.;Copyright (C) 2024 Google Inc.;Copyright (C) 2020 Google Inc.;Copyright (C) 2015 Google Inc.;Copyright (C) 2018 The Gson authors","Filename",0,0,0,0,0,3,2026-04-23T19:01:00.000Z,"2.14.0",True,2025-04-24T01:05:20.482Z,0,"NONE",["pom.xml"],"Maven",False,True,False,False,False,False,"Unused","Direct",0,False,[],,,,,"Monitored",,,,
"Maven-com.google.errorprone:error_prone_annotations-2.36.0","com.google.errorprone:error_prone_annotations","2.36.0",,"SonaType","No",["Apache 2.0"],"Copyright 2015 The Error Prone Authors.;Copyright 2017 The Error Prone Authors.;Copyright 2016 The Error Prone Authors.;Copyright 2021 The Error Prone Authors.;Copyright 2014 The Error Prone Authors.;Copyright 2023 The Error Prone Authors.","Filename",0,0,0,0,0,17,2026-04-07T10:55:00.000Z,"2.49.0",True,2024-11-19T00:42:46.802Z,0,"NONE",["pom.xml"],"Maven",False,False,False,False,False,False,"Potentially","Transitive",0,False,[[{"Id":"Maven-io.grpc:grpc-stub-1.76.0";"Name":"io.grpc:grpc-stub";"Version":"1.76.0";"IsResolved":true;"IsDevelopment":false};{"Id":"Maven-com.google.errorprone:error_prone_annotations-2.36.0";"Name":"com.google.errorprone:error_prone_annotations";"Version":"2.36.0";"IsResolved":true;"IsDevelopment":false}];[{"Id":"Maven-net.devh:grpc-client-spring-boot-starter-3.1.0.RELEASE";"Name":"net.devh:grpc-client-spring-boot-starter";"Version":"3.1.0.RELEASE";"IsResolved":true;"IsDevelopment":false};{"Id":"Maven-io.grpc:grpc-netty-shaded-1.76.0";"Name":"io.grpc:grpc-netty-shaded";"Version":"1.76.0";"IsResolved":true;"IsDevelopment":false};{"Id":"Maven-com.google.errorprone:error_prone_annotations-2.36.0";"Name":"com.google.errorprone:error_prone_annotations";"Version":"2.36.0";"IsResolved":true;"IsDevelopment":false}];[{"Id":"Maven-net.devh:grpc-server-spring-boot-starter-3.1.0.RELEASE";"Name":"net.devh:grpc-server-spring-boot-starter";"Version":"3.1.0.RELEASE";"IsResolved":true;"IsDevelopment":false};{"Id":"Maven-io.grpc:grpc-netty-shaded-1.76.0";"Name":"io.grpc:grpc-netty-shaded";"Version":"1.76.0";"IsResolved":true;"IsDevelopment":false};{"Id":"Maven-com.google.errorprone:error_prone_annotations-2.36.0";"Name":"com.google.errorprone:error_prone_annotations";"Version":"2.36.0";"IsResolved":true;"IsDevelopment":false}]],,,,,"Monitored",,,,
"Maven-com.google.guava:failureaccess-1.0.3","com.google.guava:failureaccess","1.0.3",,"SonaType","No",["Apache 2.0"],"Copyright (C) 2018 The Guava Authors","Filename",0,0,0,0,0,0,,,False,2025-03-19T16:15:50.983Z,0,"NONE",["pom.xml"],"Maven",False,False,False,False,False,False,"Potentially","Transitive",0,False,[[{"Id":"Maven-tools.jackson.datatype:jackson-datatype-guava-3.1.0";"Name":"tools.jackson.datatype:jackson-datatype-guava";"Version":"3.1.0";"IsResolved":true;"IsDevelopment":false};{"Id":"Maven-com.google.guava:guava-33.5.0-jre";"Name":"com.google.guava:guava";"Version":"33.5.0-jre";"IsResolved":true;"IsDevelopment":false};{"Id":"Maven-com.google.guava:failureaccess-1.0.3";"Name":"com.google.guava:failureaccess";"Version":"1.0.3";"IsResolved":true;"IsDevelopment":false}]],,,,,"Monitored",,,,
"Maven-com.google.guava:guava-33.5.0-jre","com.google.guava:guava","33.5.0-jre",,"SonaType","No",["Apache 2.0"],"Copyright (C) 2010 The Guava Authors;Copyright (C) 2009 The Guava Authors;Copyright (C) 2006 The Guava Authors;Copyright (C) 2007 The Guava Authors;Copyright (C) 2008 The Guava Authors;Copyright (C) 2016 The Guava Authors;Copyright 2019 The Guava Authors;Copyright (C) 2019 The Guava Authors;Copyright (C) 2020 The Guava Authors;Copyright (C) 2014 The Guava Authors;Copyright (C) 2021 The Guava Authors;Copyright (C) 2012 The Guava Authors;Copyright (C) 2015 The Guava Authors;Copyright (C) 2013 The Guava Authors;Copyright (C) 2018 The Guava Authors;Copyright (C) 2017 The Guava Authors;Copyright 2011 Google Inc. All Rights Reserved.;Copyright (C) 2011 The Guava Authors.;Copyright (C) 2005 The Guava Authors;Copyright (C) 2024 The Guava Authors;Copyright (C) 2023 The Guava Authors","Filename",0,0,0,0,0,2,2026-04-14T18:13:00.000Z,"33.6.0-jre",True,2025-09-17T20:19:00.000Z,0,"NONE",["pom.xml"],"Maven",False,False,False,False,False,False,"Used","Transitive",0,False,[[{"Id":"Maven-tools.jackson.datatype:jackson-datatype-guava-3.1.0";"Name":"tools.jackson.datatype:jackson-datatype-guava";"Version":"3.1.0";"IsResolved":true;"IsDevelopment":false};{"Id":"Maven-com.google.guava:guava-33.5.0-jre";"Name":"com.google.guava:guava";"Version":"33.5.0-jre";"IsResolved":true;"IsDevelopment":false}]],,,,,"Monitored",,,,
"Maven-com.google.guava:listenablefuture-9999.0-empty-to-avoid-conflict-with-guava","com.google.guava:listenablefuture","9999.0-empty-to-avoid-conflict-with-guava",,"Redhat,SonaType","No",["Apache 2.0"],,"Filename",0,0,0,0,0,0,,,False,2018-09-11T19:40:43.000Z,0,"NONE",["pom.xml"],"Maven",False,False,False,False,False,False,"Package source code not available","Transitive",0,False,[[{"Id":"Maven-tools.jackson.datatype:jackson-datatype-guava-3.1.0";"Name":"tools.jackson.datatype:jackson-datatype-guava";"Version":"3.1.0";"IsResolved":true;"IsDevelopment":false};{"Id":"Maven-com.google.guava:guava-33.5.0-jre";"Name":"com.google.guava:guava";"Version":"33.5.0-jre";"IsResolved":true;"IsDevelopment":false};{"Id":"Maven-com.google.guava:listenablefuture-9999.0-empty-to-avoid-conflict-with-guava";"Name":"com.google.guava:listenablefuture";"Version":"9999.0-empty-to-avoid-conflict-with-guava";"IsResolved":true;"IsDevelopment":false}]],,,,,"Monitored",,,,
"Maven-com.google.protobuf:protobuf-java-3.25.5","com.google.protobuf:protobuf-java","3.25.5",,"SonaType","No",["BSD 3"],"Copyright 2008 Google Inc. All rights reserved.","Filename",0,0,0,0,0,33,2026-03-20T17:18:00.000Z,"4.34.1",True,2024-09-18T22:48:19.061Z,0,"NONE",["pom.xml"],"Maven",False,True,False,False,False,False,"Unused","Direct",0,False,[],,,,,"Monitored",,,,
"Maven-com.google.protobuf:protobuf-java-util-3.25.3","com.google.protobuf:protobuf-java-util","3.25.3",,"SonaType","No",["BSD 3"],"Copyright 2008 Google Inc. All rights reserved.","Filename",0,0,0,0,0,46,2026-03-20T17:18:00.000Z,"4.34.1",True,2024-02-15T23:28:18.338Z,0,"NONE",["pom.xml"],"Maven",False,False,False,False,False,False,"Unused","Transitive",0,False,[[{"Id":"Maven-net.devh:grpc-server-spring-boot-starter-3.1.0.RELEASE";"Name":"net.devh:grpc-server-spring-boot-starter";"Version":"3.1.0.RELEASE";"IsResolved":true;"IsDevelopment":false};{"Id":"Maven-io.grpc:grpc-services-1.63.0";"Name":"io.grpc:grpc-services";"Version":"1.63.0";"IsResolved":true;"IsDevelopment":false};{"Id":"Maven-com.google.protobuf:protobuf-java-util-3.25.3";"Name":"com.google.protobuf:protobuf-java-util";"Version":"3.25.3";"IsResolved":true;"IsDevelopment":false}]],,,,,"Monitored",,,,
"Maven-com.h2database:h2-2.2.224","com.h2database:h2","2.2.224",,"SonaType","No",[],"Copyright (c) 2000-2005 Marc Alexander Lehmann <schmorp@schmorp.de>;Copyright (c) 2005 Oren J. Maurice <oymaurice@hazorea.org.il>;Copyright 2004-2023 H2 Group. Multiple-Licensed under the MPL 2.0, and the","Filename",0,0,0,0,0,7,2025-09-24T16:31:00.000Z,"2.4.240",True,2023-09-18T06:59:06.433Z,0,"NONE",["pom.xml"],"Maven",False,True,True,False,False,False,"Unused","Direct",0,False,[],,,,,"Monitored",,,,
"Maven-com.jayway.jsonpath:json-path-2.9.0","com.jayway.jsonpath:json-path","2.9.0",,"SonaType","No",["Apache 2.0"],"Copyright 2017 Jayway;Copyright 2011 the original author or authors.","Filename",0,0,0,0,0,5,2026-02-22T18:32:00.000Z,"3.0.0",True,2024-01-20T10:04:54.808Z,0,"NONE",["pom.xml"],"Maven",False,False,True,False,False,False,"Unused","Transitive",0,False,[[{"Id":"Maven-org.springframework.boot:spring-boot-starter-test-3.4.6";"Name":"org.springframework.boot:spring-boot-starter-test";"Version":"3.4.6";"IsResolved":true;"IsDevelopment":true};{"Id":"Maven-com.jayway.jsonpath:json-path-2.9.0";"Name":"com.jayway.jsonpath:json-path";"Version":"2.9.0";"IsResolved":true;"IsDevelopment":true}]],,,,,"Monitored",,,,
"Maven-com.sun.istack:istack-commons-runtime-4.1.1","com.sun.istack:istack-commons-runtime","4.1.1",,"SonaType","No",[],"Copyright (c) 1997, 2022 Oracle and/or its affiliates. All rights reserved.;Copyright (c) 1997, 2021 Oracle and/or its affiliates. All rights reserved.;Copyright (c) 2019, 2022 Oracle and/or its affiliates. All rights reserved.","Filename",0,0,0,0,0,5,2023-04-14T11:32:35.000Z,"4.2.0",True,2022-03-28T11:12:43.000Z,0,"NONE",["pom.xml"],"Maven",False,False,False,False,False,False,"Potentially","Transitive",0,False,[[{"Id":"Maven-org.hibernate.orm:hibernate-core-6.5.2.Final";"Name":"org.hibernate.orm:hibernate-core";"Version":"6.5.2.Final";"IsResolved":true;"IsDevelopment":false};{"Id":"Maven-org.glassfish.jaxb:jaxb-runtime-4.0.2";"Name":"org.glassfish.jaxb:jaxb-runtime";"Version":"4.0.2";"IsResolved":true;"IsDevelopment":false};{"Id":"Maven-org.glassfish.jaxb:jaxb-core-4.0.2";"Name":"org.glassfish.jaxb:jaxb-core";"Version":"4.0.2";"IsResolved":true;"IsDevelopment":false};{"Id":"Maven-com.sun.istack:istack-commons-runtime-4.1.1";"Name":"com.sun.istack:istack-commons-runtime";"Version":"4.1.1";"IsResolved":true;"IsDevelopment":false}]],,,,,"Monitored",,,,
"Maven-com.vaadin.external.google:android-json-0.0.20131108.vaadin1","com.vaadin.external.google:android-json","0.0.20131108.vaadin1",,"SonaType","No",["Apache 2.0"],"Copyright (C) 2010 The Android Open Source Project","Filename",0,0,0,0,0,0,,,False,2014-02-28T12:44:59.000Z,0,"NONE",["pom.xml"],"Maven",False,False,True,False,False,False,"Unused","Transitive",0,False,[[{"Id":"Maven-org.springframework.boot:spring-boot-starter-test-3.4.6";"Name":"org.springframework.boot:spring-boot-starter-test";"Version":"3.4.6";"IsResolved":true;"IsDevelopment":true};{"Id":"Maven-org.skyscreamer:jsonassert-1.5.3";"Name":"org.skyscreamer:jsonassert";"Version":"1.5.3";"IsResolved":true;"IsDevelopment":true};{"Id":"Maven-com.vaadin.external.google:android-json-0.0.20131108.vaadin1";"Name":"com.vaadin.external.google:android-json";"Version":"0.0.20131108.vaadin1";"IsResolved":true;"IsDevelopment":true}]],,,,,"Monitored",,,,
"Maven-com.zaxxer:HikariCP-5.1.0","com.zaxxer:HikariCP","5.1.0",,"SonaType","No",["Apache 2.0"],"Copyright (C) 2013,2014 Brett Wooldridge;Copyright (C) 2015 Brett Wooldridge;Copyright (C) 2013 Brett Wooldridge;Copyright (C) 2013, 2014 Brett Wooldridge;Copyright (C) 2016 Brett Wooldridge;Copyright (C) 2014 Brett Wooldridge;Copyright (C) 2017 Brett Wooldridge;Copyright (C) 2019 Brett Wooldridge","Filename",0,0,0,0,0,11,2025-08-19T11:52:00.000Z,"7.0.2",True,2023-11-04T12:47:31.670Z,0,"NONE",["pom.xml"],"Maven",False,False,False,False,False,False,"Unused","Transitive",0,False,[[{"Id":"Maven-org.springframework.boot:spring-boot-starter-data-jpa-3.4.6";"Name":"org.springframework.boot:spring-boot-starter-data-jpa";"Version":"3.4.6";"IsResolved":true;"IsDevelopment":false};{"Id":"Maven-org.springframework.boot:spring-boot-starter-jdbc-3.4.6";"Name":"org.springframework.boot:spring-boot-starter-jdbc";"Version":"3.4.6";"IsResolved":true;"IsDevelopment":false};{"Id":"Maven-com.zaxxer:HikariCP-5.1.0";"Name":"com.zaxxer:HikariCP";"Version":"5.1.0";"IsResolved":true;"IsDevelopment":false}]],,,,,"Monitored",,,,
"Maven-commons-codec:commons-codec-1.17.2","commons-codec:commons-codec","1.17.2",,"SonaType","No",["Apache 2.0"],"Copyright 2002-2025 The Apache Software Foundation;Copyright 2002-2024 The Apache Software Foundation;Copyright (c) 2004-2006 Intel Corporation","Filename",0,0,0,0,0,9,2026-04-19T11:13:00.000Z,"1.22.0",True,2024-12-28T14:16:44.000Z,0,"NONE",["pom.xml"],"Maven",False,False,False,False,False,False,"Unused","Transitive",0,False,[[{"Id":"Maven-org.apache.httpcomponents:httpclient-4.5.13";"Name":"org.apache.httpcomponents:httpclient";"Version":"4.5.13";"IsResolved":true;"IsDevelopment":false};{"Id":"Maven-commons-codec:commons-codec-1.17.2";"Name":"commons-codec:commons-codec";"Version":"1.17.2";"IsResolved":true;"IsDevelopment":false}]],,,,,"Monitored",,,,
"Maven-commons-logging:commons-logging-1.2","commons-logging:commons-logging","1.2",,"Redhat,SonaType","No",["Apache 2.0"],"Copyright 2018 Red Hat, Inc., and individual contributors;Copyright 2003-2014 The Apache Software Foundation","Filename",0,0,0,0,0,22,2026-03-08T12:37:00.000Z,"1.3.6",True,2014-07-05T20:11:54.000Z,0,"NONE",["pom.xml"],"Maven",False,False,False,False,False,False,"Unused","Transitive",0,False,[[{"Id":"Maven-org.apache.httpcomponents:httpclient-4.5.13";"Name":"org.apache.httpcomponents:httpclient";"Version":"4.5.13";"IsResolved":true;"IsDevelopment":false};{"Id":"Maven-commons-logging:commons-logging-1.2";"Name":"commons-logging:commons-logging";"Version":"1.2";"IsResolved":true;"IsDevelopment":false}]],,,,,"Monitored",,,,
"Maven-io.cucumber:ci-environment-10.0.1","io.cucumber:ci-environment","10.0.1",,"SonaType","No",["MIT"],"Copyright (c) 2020 Cucumber Ltd and contributors","Filename",0,0,0,0,0,3,2026-01-26T11:25:00.000Z,"13.0.0",True,2024-01-15T17:58:58.124Z,0,"NONE",["pom.xml"],"Maven",False,False,True,False,False,False,"Potentially","Transitive",0,False,[[{"Id":"Maven-io.cucumber:cucumber-java-7.18.0";"Name":"io.cucumber:cucumber-java";"Version":"7.18.0";"IsResolved":true;"IsDevelopment":true};{"Id":"Maven-io.cucumber:cucumber-core-7.18.0";"Name":"io.cucumber:cucumber-core";"Version":"7.18.0";"IsResolved":true;"IsDevelopment":true};{"Id":"Maven-io.cucumber:ci-environment-10.0.1";"Name":"io.cucumber:ci-environment";"Version":"10.0.1";"IsResolved":true;"IsDevelopment":true}];[{"Id":"Maven-io.cucumber:cucumber-junit-7.18.0";"Name":"io.cucumber:cucumber-junit";"Version":"7.18.0";"IsResolved":true;"IsDevelopment":true};{"Id":"Maven-io.cucumber:cucumber-core-7.18.0";"Name":"io.cucumber:cucumber-core";"Version":"7.18.0";"IsResolved":true;"IsDevelopment":true};{"Id":"Maven-io.cucumber:ci-environment-10.0.1";"Name":"io.cucumber:ci-environment";"Version":"10.0.1";"IsResolved":true;"IsDevelopment":true}];[{"Id":"Maven-io.cucumber:cucumber-junit-platform-engine-7.18.0";"Name":"io.cucumber:cucumber-junit-platform-engine";"Version":"7.18.0";"IsResolved":true;"IsDevelopment":true};{"Id":"Maven-io.cucumber:cucumber-core-7.18.0";"Name":"io.cucumber:cucumber-core";"Version":"7.18.0";"IsResolved":true;"IsDevelopment":true};{"Id":"Maven-io.cucumber:ci-environment-10.0.1";"Name":"io.cucumber:ci-environment";"Version":"10.0.1";"IsResolved":true;"IsDevelopment":true}];[{"Id":"Maven-io.cucumber:cucumber-spring-7.18.0";"Name":"io.cucumber:cucumber-spring";"Version":"7.18.0";"IsResolved":true;"IsDevelopment":true};{"Id":"Maven-io.cucumber:cucumber-core-7.18.0";"Name":"io.cucumber:cucumber-core";"Version":"7.18.0";"IsResolved":true;"IsDevelopment":true};{"Id":"Maven-io.cucumber:ci-environment-10.0.1";"Name":"io.cucumber:ci-environment";"Version":"10.0.1";"IsResolved":true;"IsDevelopment":true}]],,,,,"Monitored",,,,
"Maven-io.cucumber:cucumber-core-7.18.0","io.cucumber:cucumber-core","7.18.0",,"SonaType","No",["MIT"],"Copyright (c) 2008 Aslak Hellesøy and contributors;Copyright (c) 2013 Cucumber Ltd and contributors;Copyright © 2023 Werner Randelshofer, Switzerland. MIT License.;Copyright 2007-, Tatu Saloranta (tatu.saloranta@iki.fi)","Filename",0,0,0,0,0,28,2026-03-04T12:37:00.000Z,"7.34.3",True,2024-05-17T14:48:00.864Z,0,"NONE",["pom.xml"],"Maven",False,False,True,False,False,False,"Potentially","Transitive",0,False,[[{"Id":"Maven-io.cucumber:cucumber-java-7.18.0";"Name":"io.cucumber:cucumber-java";"Version":"7.18.0";"IsResolved":true;"IsDevelopment":true};{"Id":"Maven-io.cucumber:cucumber-core-7.18.0";"Name":"io.cucumber:cucumber-core";"Version":"7.18.0";"IsResolved":true;"IsDevelopment":true}];[{"Id":"Maven-io.cucumber:cucumber-junit-7.18.0";"Name":"io.cucumber:cucumber-junit";"Version":"7.18.0";"IsResolved":true;"IsDevelopment":true};{"Id":"Maven-io.cucumber:cucumber-core-7.18.0";"Name":"io.cucumber:cucumber-core";"Version":"7.18.0";"IsResolved":true;"IsDevelopment":true}];[{"Id":"Maven-io.cucumber:cucumber-junit-platform-engine-7.18.0";"Name":"io.cucumber:cucumber-junit-platform-engine";"Version":"7.18.0";"IsResolved":true;"IsDevelopment":true};{"Id":"Maven-io.cucumber:cucumber-core-7.18.0";"Name":"io.cucumber:cucumber-core";"Version":"7.18.0";"IsResolved":true;"IsDevelopment":true}];[{"Id":"Maven-io.cucumber:cucumber-spring-7.18.0";"Name":"io.cucumber:cucumber-spring";"Version":"7.18.0";"IsResolved":true;"IsDevelopment":true};{"Id":"Maven-io.cucumber:cucumber-core-7.18.0";"Name":"io.cucumber:cucumber-core";"Version":"7.18.0";"IsResolved":true;"IsDevelopment":true}]],,,,,"Monitored",,,,
"Maven-io.cucumber:cucumber-expressions-17.1.0","io.cucumber:cucumber-expressions","17.1.0",,"SonaType","No",["MIT"],"Copyright (c) 2016 Cucumber Ltd and contributors","Filename",0,0,0,0,0,4,2026-01-25T18:09:00.000Z,"19.0.0",True,2024-03-21T21:05:37.093Z,0,"NONE",["pom.xml"],"Maven",False,False,True,False,False,False,"Potentially","Transitive",0,False,[[{"Id":"Maven-io.cucumber:cucumber-java-7.18.0";"Name":"io.cucumber:cucumber-java";"Version":"7.18.0";"IsResolved":true;"IsDevelopment":true};{"Id":"Maven-io.cucumber:cucumber-core-7.18.0";"Name":"io.cucumber:cucumber-core";"Version":"7.18.0";"IsResolved":true;"IsDevelopment":true};{"Id":"Maven-io.cucumber:cucumber-expressions-17.1.0";"Name":"io.cucumber:cucumber-expressions";"Version":"17.1.0";"IsResolved":true;"IsDevelopment":true}];[{"Id":"Maven-io.cucumber:cucumber-junit-7.18.0";"Name":"io.cucumber:cucumber-junit";"Version":"7.18.0";"IsResolved":true;"IsDevelopment":true};{"Id":"Maven-io.cucumber:cucumber-core-7.18.0";"Name":"io.cucumber:cucumber-core";"Version":"7.18.0";"IsResolved":true;"IsDevelopment":true};{"Id":"Maven-io.cucumber:cucumber-expressions-17.1.0";"Name":"io.cucumber:cucumber-expressions";"Version":"17.1.0";"IsResolved":true;"IsDevelopment":true}];[{"Id":"Maven-io.cucumber:cucumber-junit-platform-engine-7.18.0";"Name":"io.cucumber:cucumber-junit-platform-engine";"Version":"7.18.0";"IsResolved":true;"IsDevelopment":true};{"Id":"Maven-io.cucumber:cucumber-core-7.18.0";"Name":"io.cucumber:cucumber-core";"Version":"7.18.0";"IsResolved":true;"IsDevelopment":true};{"Id":"Maven-io.cucumber:cucumber-expressions-17.1.0";"Name":"io.cucumber:cucumber-expressions";"Version":"17.1.0";"IsResolved":true;"IsDevelopment":true}];[{"Id":"Maven-io.cucumber:cucumber-spring-7.18.0";"Name":"io.cucumber:cucumber-spring";"Version":"7.18.0";"IsResolved":true;"IsDevelopment":true};{"Id":"Maven-io.cucumber:cucumber-core-7.18.0";"Name":"io.cucumber:cucumber-core";"Version":"7.18.0";"IsResolved":true;"IsDevelopment":true};{"Id":"Maven-io.cucumber:cucumber-expressions-17.1.0";"Name":"io.cucumber:cucumber-expressions";"Version":"17.1.0";"IsResolved":true;"IsDevelopment":true}]],,,,,"Monitored",,,,
"Maven-io.cucumber:cucumber-gherkin-7.18.0","io.cucumber:cucumber-gherkin","7.18.0",,"SonaType","No",["MIT"],"Copyright (c) 2008 Aslak Hellesøy and contributors;Copyright (c) 2013 Cucumber Ltd and contributors","Filename",0,0,0,0,0,28,2026-03-04T12:37:00.000Z,"7.34.3",True,2024-05-17T14:47:23.873Z,0,"NONE",["pom.xml"],"Maven",False,False,True,False,False,False,"Potentially","Transitive",0,False,[[{"Id":"Maven-io.cucumber:cucumber-java-7.18.0";"Name":"io.cucumber:cucumber-java";"Version":"7.18.0";"IsResolved":true;"IsDevelopment":true};{"Id":"Maven-io.cucumber:cucumber-core-7.18.0";"Name":"io.cucumber:cucumber-core";"Version":"7.18.0";"IsResolved":true;"IsDevelopment":true};{"Id":"Maven-io.cucumber:cucumber-gherkin-7.18.0";"Name":"io.cucumber:cucumber-gherkin";"Version":"7.18.0";"IsResolved":true;"IsDevelopment":true}];[{"Id":"Maven-io.cucumber:cucumber-junit-7.18.0";"Name":"io.cucumber:cucumber-junit";"Version":"7.18.0";"IsResolved":true;"IsDevelopment":true};{"Id":"Maven-io.cucumber:cucumber-core-7.18.0";"Name":"io.cucumber:cucumber-core";"Version":"7.18.0";"IsResolved":true;"IsDevelopment":true};{"Id":"Maven-io.cucumber:cucumber-gherkin-7.18.0";"Name":"io.cucumber:cucumber-gherkin";"Version":"7.18.0";"IsResolved":true;"IsDevelopment":true}];[{"Id":"Maven-io.cucumber:cucumber-junit-platform-engine-7.18.0";"Name":"io.cucumber:cucumber-junit-platform-engine";"Version":"7.18.0";"IsResolved":true;"IsDevelopment":true};{"Id":"Maven-io.cucumber:cucumber-core-7.18.0";"Name":"io.cucumber:cucumber-core";"Version":"7.18.0";"IsResolved":true;"IsDevelopment":true};{"Id":"Maven-io.cucumber:cucumber-gherkin-7.18.0";"Name":"io.cucumber:cucumber-gherkin";"Version":"7.18.0";"IsResolved":true;"IsDevelopment":true}];[{"Id":"Maven-io.cucumber:cucumber-spring-7.18.0";"Name":"io.cucumber:cucumber-spring";"Version":"7.18.0";"IsResolved":true;"IsDevelopment":true};{"Id":"Maven-io.cucumber:cucumber-core-7.18.0";"Name":"io.cucumber:cucumber-core";"Version":"7.18.0";"IsResolved":true;"IsDevelopment":true};{"Id":"Maven-io.cucumber:cucumber-gherkin-7.18.0";"Name":"io.cucumber:cucumber-gherkin";"Version":"7.18.0";"IsResolved":true;"IsDevelopment":true}]],,,,,"Monitored",,,,
"Maven-io.cucumber:cucumber-gherkin-messages-7.18.0","io.cucumber:cucumber-gherkin-messages","7.18.0",,"SonaType","No",["MIT"],"Copyright (c) 2008 Aslak Hellesøy and contributors;Copyright (c) 2013 Cucumber Ltd and contributors","Filename",0,0,0,0,0,28,2026-03-04T12:37:00.000Z,"7.34.3",True,2024-05-17T14:47:41.936Z,0,"NONE",["pom.xml"],"Maven",False,False,True,False,False,False,"Potentially","Transitive",0,False,[[{"Id":"Maven-io.cucumber:cucumber-java-7.18.0";"Name":"io.cucumber:cucumber-java";"Version":"7.18.0";"IsResolved":true;"IsDevelopment":true};{"Id":"Maven-io.cucumber:cucumber-core-7.18.0";"Name":"io.cucumber:cucumber-core";"Version":"7.18.0";"IsResolved":true;"IsDevelopment":true};{"Id":"Maven-io.cucumber:cucumber-gherkin-messages-7.18.0";"Name":"io.cucumber:cucumber-gherkin-messages";"Version":"7.18.0";"IsResolved":true;"IsDevelopment":true}];[{"Id":"Maven-io.cucumber:cucumber-junit-7.18.0";"Name":"io.cucumber:cucumber-junit";"Version":"7.18.0";"IsResolved":true;"IsDevelopment":true};{"Id":"Maven-io.cucumber:cucumber-core-7.18.0";"Name":"io.cucumber:cucumber-core";"Version":"7.18.0";"IsResolved":true;"IsDevelopment":true};{"Id":"Maven-io.cucumber:cucumber-gherkin-messages-7.18.0";"Name":"io.cucumber:cucumber-gherkin-messages";"Version":"7.18.0";"IsResolved":true;"IsDevelopment":true}];[{"Id":"Maven-io.cucumber:cucumber-junit-platform-engine-7.18.0";"Name":"io.cucumber:cucumber-junit-platform-engine";"Version":"7.18.0";"IsResolved":true;"IsDevelopment":true};{"Id":"Maven-io.cucumber:cucumber-core-7.18.0";"Name":"io.cucumber:cucumber-core";"Version":"7.18.0";"IsResolved":true;"IsDevelopment":true};{"Id":"Maven-io.cucumber:cucumber-gherkin-messages-7.18.0";"Name":"io.cucumber:cucumber-gherkin-messages";"Version":"7.18.0";"IsResolved":true;"IsDevelopment":true}];[{"Id":"Maven-io.cucumber:cucumber-spring-7.18.0";"Name":"io.cucumber:cucumber-spring";"Version":"7.18.0";"IsResolved":true;"IsDevelopment":true};{"Id":"Maven-io.cucumber:cucumber-core-7.18.0";"Name":"io.cucumber:cucumber-core";"Version":"7.18.0";"IsResolved":true;"IsDevelopment":true};{"Id":"Maven-io.cucumber:cucumber-gherkin-messages-7.18.0";"Name":"io.cucumber:cucumber-gherkin-messages";"Version":"7.18.0";"IsResolved":true;"IsDevelopment":true}]],,,,,"Monitored",,,,
"Maven-io.cucumber:cucumber-java-7.18.0","io.cucumber:cucumber-java","7.18.0",,"SonaType","No",["MIT"],"Copyright (c) 2008 Aslak Hellesøy and contributors;Copyright (c) 2013 Cucumber Ltd and contributors","Filename",0,0,0,0,0,28,2026-03-04T12:37:00.000Z,"7.34.3",True,2024-05-17T14:48:04.377Z,0,"NONE",["pom.xml"],"Maven",False,True,True,False,False,False,"Used","Direct",0,False,[],,,,,"Monitored",,,,
"Maven-io.cucumber:cucumber-junit-7.18.0","io.cucumber:cucumber-junit","7.18.0",,"SonaType","No",["MIT"],"Copyright (c) 2008 Aslak Hellesøy and contributors;Copyright (c) 2013 Cucumber Ltd and contributors","Filename",0,0,0,0,0,28,2026-03-04T12:37:00.000Z,"7.34.3",True,2024-05-17T14:47:31.295Z,0,"NONE",["pom.xml"],"Maven",False,True,True,False,False,False,"Used","Direct",0,False,[],,,,,"Monitored",,,,
"Maven-io.cucumber:cucumber-junit-platform-engine-7.18.0","io.cucumber:cucumber-junit-platform-engine","7.18.0",,"SonaType","No",["MIT"],"Copyright (c) 2008 Aslak Hellesøy and contributors;Copyright (c) 2013 Cucumber Ltd and contributors","Filename",0,0,0,0,0,28,2026-03-04T12:37:00.000Z,"7.34.3",True,2024-05-17T14:47:53.665Z,0,"NONE",["pom.xml"],"Maven",False,True,True,False,False,False,"Unused","Direct",0,False,[],,,,,"Monitored",,,,
"Maven-io.cucumber:cucumber-plugin-7.18.0","io.cucumber:cucumber-plugin","7.18.0",,"SonaType","No",["MIT"],"Copyright (c) 2008 Aslak Hellesøy and contributors;Copyright (c) 2013 Cucumber Ltd and contributors","Filename",0,0,0,0,0,28,2026-03-04T12:37:00.000Z,"7.34.3",True,2024-05-17T14:47:31.976Z,0,"NONE",["pom.xml"],"Maven",False,False,True,False,False,False,"Potentially","Transitive",0,False,[[{"Id":"Maven-io.cucumber:cucumber-java-7.18.0";"Name":"io.cucumber:cucumber-java";"Version":"7.18.0";"IsResolved":true;"IsDevelopment":true};{"Id":"Maven-io.cucumber:cucumber-core-7.18.0";"Name":"io.cucumber:cucumber-core";"Version":"7.18.0";"IsResolved":true;"IsDevelopment":true};{"Id":"Maven-io.cucumber:cucumber-plugin-7.18.0";"Name":"io.cucumber:cucumber-plugin";"Version":"7.18.0";"IsResolved":true;"IsDevelopment":true}];[{"Id":"Maven-io.cucumber:cucumber-junit-7.18.0";"Name":"io.cucumber:cucumber-junit";"Version":"7.18.0";"IsResolved":true;"IsDevelopment":true};{"Id":"Maven-io.cucumber:cucumber-core-7.18.0";"Name":"io.cucumber:cucumber-core";"Version":"7.18.0";"IsResolved":true;"IsDevelopment":true};{"Id":"Maven-io.cucumber:cucumber-plugin-7.18.0";"Name":"io.cucumber:cucumber-plugin";"Version":"7.18.0";"IsResolved":true;"IsDevelopment":true}];[{"Id":"Maven-io.cucumber:cucumber-junit-platform-engine-7.18.0";"Name":"io.cucumber:cucumber-junit-platform-engine";"Version":"7.18.0";"IsResolved":true;"IsDevelopment":true};{"Id":"Maven-io.cucumber:cucumber-core-7.18.0";"Name":"io.cucumber:cucumber-core";"Version":"7.18.0";"IsResolved":true;"IsDevelopment":true};{"Id":"Maven-io.cucumber:cucumber-plugin-7.18.0";"Name":"io.cucumber:cucumber-plugin";"Version":"7.18.0";"IsResolved":true;"IsDevelopment":true}];[{"Id":"Maven-io.cucumber:cucumber-spring-7.18.0";"Name":"io.cucumber:cucumber-spring";"Version":"7.18.0";"IsResolved":true;"IsDevelopment":true};{"Id":"Maven-io.cucumber:cucumber-core-7.18.0";"Name":"io.cucumber:cucumber-core";"Version":"7.18.0";"IsResolved":true;"IsDevelopment":true};{"Id":"Maven-io.cucumber:cucumber-plugin-7.18.0";"Name":"io.cucumber:cucumber-plugin";"Version":"7.18.0";"IsResolved":true;"IsDevelopment":true}]],,,,,"Monitored",,,,
"Maven-io.cucumber:cucumber-spring-7.18.0","io.cucumber:cucumber-spring","7.18.0",,"SonaType","No",["MIT"],"Copyright (c) 2008 Aslak Hellesøy and contributors;Copyright (c) 2013 Cucumber Ltd and contributors","Filename",0,0,0,0,0,28,2026-03-04T12:37:00.000Z,"7.34.3",True,2024-05-17T14:47:23.142Z,0,"NONE",["pom.xml"],"Maven",False,True,True,False,False,False,"Used","Direct",0,False,[],,,,,"Monitored",,,,
"Maven-io.cucumber:datatable-7.18.0","io.cucumber:datatable","7.18.0",,"SonaType","No",["MIT"],"Copyright (c) 2008 Aslak Hellesøy and contributors;Copyright (c) 2013 Cucumber Ltd and contributors","Filename",0,0,0,0,0,28,2026-03-04T12:37:00.000Z,"7.34.3",True,2024-05-17T14:48:12.694Z,0,"NONE",["pom.xml"],"Maven",False,False,True,False,False,False,"Potentially","Transitive",0,False,[[{"Id":"Maven-io.cucumber:cucumber-java-7.18.0";"Name":"io.cucumber:cucumber-java";"Version":"7.18.0";"IsResolved":true;"IsDevelopment":true};{"Id":"Maven-io.cucumber:cucumber-core-7.18.0";"Name":"io.cucumber:cucumber-core";"Version":"7.18.0";"IsResolved":true;"IsDevelopment":true};{"Id":"Maven-io.cucumber:datatable-7.18.0";"Name":"io.cucumber:datatable";"Version":"7.18.0";"IsResolved":true;"IsDevelopment":true}];[{"Id":"Maven-io.cucumber:cucumber-junit-7.18.0";"Name":"io.cucumber:cucumber-junit";"Version":"7.18.0";"IsResolved":true;"IsDevelopment":true};{"Id":"Maven-io.cucumber:cucumber-core-7.18.0";"Name":"io.cucumber:cucumber-core";"Version":"7.18.0";"IsResolved":true;"IsDevelopment":true};{"Id":"Maven-io.cucumber:datatable-7.18.0";"Name":"io.cucumber:datatable";"Version":"7.18.0";"IsResolved":true;"IsDevelopment":true}];[{"Id":"Maven-io.cucumber:cucumber-junit-platform-engine-7.18.0";"Name":"io.cucumber:cucumber-junit-platform-engine";"Version":"7.18.0";"IsResolved":true;"IsDevelopment":true};{"Id":"Maven-io.cucumber:cucumber-core-7.18.0";"Name":"io.cucumber:cucumber-core";"Version":"7.18.0";"IsResolved":true;"IsDevelopment":true};{"Id":"Maven-io.cucumber:datatable-7.18.0";"Name":"io.cucumber:datatable";"Version":"7.18.0";"IsResolved":true;"IsDevelopment":true}];[{"Id":"Maven-io.cucumber:cucumber-spring-7.18.0";"Name":"io.cucumber:cucumber-spring";"Version":"7.18.0";"IsResolved":true;"IsDevelopment":true};{"Id":"Maven-io.cucumber:cucumber-core-7.18.0";"Name":"io.cucumber:cucumber-core";"Version":"7.18.0";"IsResolved":true;"IsDevelopment":true};{"Id":"Maven-io.cucumber:datatable-7.18.0";"Name":"io.cucumber:datatable";"Version":"7.18.0";"IsResolved":true;"IsDevelopment":true}]],,,,,"Monitored",,,,
"Maven-io.cucumber:docstring-7.18.0","io.cucumber:docstring","7.18.0",,"SonaType","No",["MIT"],"Copyright (c) 2008 Aslak Hellesøy and contributors;Copyright (c) 2013 Cucumber Ltd and contributors","Filename",0,0,0,0,0,28,2026-03-04T12:37:00.000Z,"7.34.3",True,2024-05-17T14:48:06.216Z,0,"NONE",["pom.xml"],"Maven",False,False,True,False,False,False,"Potentially","Transitive",0,False,[[{"Id":"Maven-io.cucumber:cucumber-java-7.18.0";"Name":"io.cucumber:cucumber-java";"Version":"7.18.0";"IsResolved":true;"IsDevelopment":true};{"Id":"Maven-io.cucumber:cucumber-core-7.18.0";"Name":"io.cucumber:cucumber-core";"Version":"7.18.0";"IsResolved":true;"IsDevelopment":true};{"Id":"Maven-io.cucumber:docstring-7.18.0";"Name":"io.cucumber:docstring";"Version":"7.18.0";"IsResolved":true;"IsDevelopment":true}];[{"Id":"Maven-io.cucumber:cucumber-junit-7.18.0";"Name":"io.cucumber:cucumber-junit";"Version":"7.18.0";"IsResolved":true;"IsDevelopment":true};{"Id":"Maven-io.cucumber:cucumber-core-7.18.0";"Name":"io.cucumber:cucumber-core";"Version":"7.18.0";"IsResolved":true;"IsDevelopment":true};{"Id":"Maven-io.cucumber:docstring-7.18.0";"Name":"io.cucumber:docstring";"Version":"7.18.0";"IsResolved":true;"IsDevelopment":true}];[{"Id":"Maven-io.cucumber:cucumber-junit-platform-engine-7.18.0";"Name":"io.cucumber:cucumber-junit-platform-engine";"Version":"7.18.0";"IsResolved":true;"IsDevelopment":true};{"Id":"Maven-io.cucumber:cucumber-core-7.18.0";"Name":"io.cucumber:cucumber-core";"Version":"7.18.0";"IsResolved":true;"IsDevelopment":true};{"Id":"Maven-io.cucumber:docstring-7.18.0";"Name":"io.cucumber:docstring";"Version":"7.18.0";"IsResolved":true;"IsDevelopment":true}];[{"Id":"Maven-io.cucumber:cucumber-spring-7.18.0";"Name":"io.cucumber:cucumber-spring";"Version":"7.18.0";"IsResolved":true;"IsDevelopment":true};{"Id":"Maven-io.cucumber:cucumber-core-7.18.0";"Name":"io.cucumber:cucumber-core";"Version":"7.18.0";"IsResolved":true;"IsDevelopment":true};{"Id":"Maven-io.cucumber:docstring-7.18.0";"Name":"io.cucumber:docstring";"Version":"7.18.0";"IsResolved":true;"IsDevelopment":true}]],,,,,"Monitored",,,,
"Maven-io.cucumber:gherkin-28.0.0","io.cucumber:gherkin","28.0.0",,"SonaType","No",["MIT"],"Copyright (c) 2017 Cucumber Ltd, Gaspar Nagy, Björn Rasmusson, Peter Sergeant, and contributors","Filename",0,0,0,0,0,25,2026-03-01T16:47:00.000Z,"39.0.0",True,2024-02-15T20:26:47.966Z,0,"NONE",["pom.xml"],"Maven",False,False,True,False,False,False,"Potentially","Transitive",0,False,[[{"Id":"Maven-io.cucumber:cucumber-java-7.18.0";"Name":"io.cucumber:cucumber-java";"Version":"7.18.0";"IsResolved":true;"IsDevelopment":true};{"Id":"Maven-io.cucumber:cucumber-core-7.18.0";"Name":"io.cucumber:cucumber-core";"Version":"7.18.0";"IsResolved":true;"IsDevelopment":true};{"Id":"Maven-io.cucumber:cucumber-gherkin-messages-7.18.0";"Name":"io.cucumber:cucumber-gherkin-messages";"Version":"7.18.0";"IsResolved":true;"IsDevelopment":true};{"Id":"Maven-io.cucumber:gherkin-28.0.0";"Name":"io.cucumber:gherkin";"Version":"28.0.0";"IsResolved":true;"IsDevelopment":true}];[{"Id":"Maven-io.cucumber:cucumber-junit-7.18.0";"Name":"io.cucumber:cucumber-junit";"Version":"7.18.0";"IsResolved":true;"IsDevelopment":true};{"Id":"Maven-io.cucumber:cucumber-core-7.18.0";"Name":"io.cucumber:cucumber-core";"Version":"7.18.0";"IsResolved":true;"IsDevelopment":true};{"Id":"Maven-io.cucumber:cucumber-gherkin-messages-7.18.0";"Name":"io.cucumber:cucumber-gherkin-messages";"Version":"7.18.0";"IsResolved":true;"IsDevelopment":true};{"Id":"Maven-io.cucumber:gherkin-28.0.0";"Name":"io.cucumber:gherkin";"Version":"28.0.0";"IsResolved":true;"IsDevelopment":true}];[{"Id":"Maven-io.cucumber:cucumber-junit-platform-engine-7.18.0";"Name":"io.cucumber:cucumber-junit-platform-engine";"Version":"7.18.0";"IsResolved":true;"IsDevelopment":true};{"Id":"Maven-io.cucumber:cucumber-core-7.18.0";"Name":"io.cucumber:cucumber-core";"Version":"7.18.0";"IsResolved":true;"IsDevelopment":true};{"Id":"Maven-io.cucumber:cucumber-gherkin-messages-7.18.0";"Name":"io.cucumber:cucumber-gherkin-messages";"Version":"7.18.0";"IsResolved":true;"IsDevelopment":true};{"Id":"Maven-io.cucumber:gherkin-28.0.0";"Name":"io.cucumber:gherkin";"Version":"28.0.0";"IsResolved":true;"IsDevelopment":true}];[{"Id":"Maven-io.cucumber:cucumber-spring-7.18.0";"Name":"io.cucumber:cucumber-spring";"Version":"7.18.0";"IsResolved":true;"IsDevelopment":true};{"Id":"Maven-io.cucumber:cucumber-core-7.18.0";"Name":"io.cucumber:cucumber-core";"Version":"7.18.0";"IsResolved":true;"IsDevelopment":true};{"Id":"Maven-io.cucumber:cucumber-gherkin-messages-7.18.0";"Name":"io.cucumber:cucumber-gherkin-messages";"Version":"7.18.0";"IsResolved":true;"IsDevelopment":true};{"Id":"Maven-io.cucumber:gherkin-28.0.0";"Name":"io.cucumber:gherkin";"Version":"28.0.0";"IsResolved":true;"IsDevelopment":true}]],,,,,"Monitored",,,,
"Maven-io.cucumber:html-formatter-21.3.1","io.cucumber:html-formatter","21.3.1",,"SonaType","No",["MIT"],"Copyright (c) 2022 SmartBear Software and contributors","Filename",0,0,0,0,0,18,2026-04-13T22:50:00.000Z,"23.1.0",True,2024-03-26T09:01:44.904Z,0,"NONE",["pom.xml"],"Maven",False,False,True,False,False,False,"Potentially","Transitive",0,False,[[{"Id":"Maven-io.cucumber:cucumber-java-7.18.0";"Name":"io.cucumber:cucumber-java";"Version":"7.18.0";"IsResolved":true;"IsDevelopment":true};{"Id":"Maven-io.cucumber:cucumber-core-7.18.0";"Name":"io.cucumber:cucumber-core";"Version":"7.18.0";"IsResolved":true;"IsDevelopment":true};{"Id":"Maven-io.cucumber:html-formatter-21.3.1";"Name":"io.cucumber:html-formatter";"Version":"21.3.1";"IsResolved":true;"IsDevelopment":true}];[{"Id":"Maven-io.cucumber:cucumber-junit-7.18.0";"Name":"io.cucumber:cucumber-junit";"Version":"7.18.0";"IsResolved":true;"IsDevelopment":true};{"Id":"Maven-io.cucumber:cucumber-core-7.18.0";"Name":"io.cucumber:cucumber-core";"Version":"7.18.0";"IsResolved":true;"IsDevelopment":true};{"Id":"Maven-io.cucumber:html-formatter-21.3.1";"Name":"io.cucumber:html-formatter";"Version":"21.3.1";"IsResolved":true;"IsDevelopment":true}];[{"Id":"Maven-io.cucumber:cucumber-junit-platform-engine-7.18.0";"Name":"io.cucumber:cucumber-junit-platform-engine";"Version":"7.18.0";"IsResolved":true;"IsDevelopment":true};{"Id":"Maven-io.cucumber:cucumber-core-7.18.0";"Name":"io.cucumber:cucumber-core";"Version":"7.18.0";"IsResolved":true;"IsDevelopment":true};{"Id":"Maven-io.cucumber:html-formatter-21.3.1";"Name":"io.cucumber:html-formatter";"Version":"21.3.1";"IsResolved":true;"IsDevelopment":true}];[{"Id":"Maven-io.cucumber:cucumber-spring-7.18.0";"Name":"io.cucumber:cucumber-spring";"Version":"7.18.0";"IsResolved":true;"IsDevelopment":true};{"Id":"Maven-io.cucumber:cucumber-core-7.18.0";"Name":"io.cucumber:cucumber-core";"Version":"7.18.0";"IsResolved":true;"IsDevelopment":true};{"Id":"Maven-io.cucumber:html-formatter-21.3.1";"Name":"io.cucumber:html-formatter";"Version":"21.3.1";"IsResolved":true;"IsDevelopment":true}]],,,,,"Monitored",,,,
"Maven-io.cucumber:junit-xml-formatter-0.4.0","io.cucumber:junit-xml-formatter","0.4.0",,"SonaType","No",["MIT"],"Copyright (c) Cucumber","Filename",0,0,0,0,0,14,2026-04-14T08:19:00.000Z,"0.13.3",True,2024-04-05T13:32:46.650Z,0,"NONE",["pom.xml"],"Maven",False,False,True,False,False,False,"Potentially","Transitive",0,False,[[{"Id":"Maven-io.cucumber:cucumber-java-7.18.0";"Name":"io.cucumber:cucumber-java";"Version":"7.18.0";"IsResolved":true;"IsDevelopment":true};{"Id":"Maven-io.cucumber:cucumber-core-7.18.0";"Name":"io.cucumber:cucumber-core";"Version":"7.18.0";"IsResolved":true;"IsDevelopment":true};{"Id":"Maven-io.cucumber:junit-xml-formatter-0.4.0";"Name":"io.cucumber:junit-xml-formatter";"Version":"0.4.0";"IsResolved":true;"IsDevelopment":true}];[{"Id":"Maven-io.cucumber:cucumber-junit-7.18.0";"Name":"io.cucumber:cucumber-junit";"Version":"7.18.0";"IsResolved":true;"IsDevelopment":true};{"Id":"Maven-io.cucumber:cucumber-core-7.18.0";"Name":"io.cucumber:cucumber-core";"Version":"7.18.0";"IsResolved":true;"IsDevelopment":true};{"Id":"Maven-io.cucumber:junit-xml-formatter-0.4.0";"Name":"io.cucumber:junit-xml-formatter";"Version":"0.4.0";"IsResolved":true;"IsDevelopment":true}];[{"Id":"Maven-io.cucumber:cucumber-junit-platform-engine-7.18.0";"Name":"io.cucumber:cucumber-junit-platform-engine";"Version":"7.18.0";"IsResolved":true;"IsDevelopment":true};{"Id":"Maven-io.cucumber:cucumber-core-7.18.0";"Name":"io.cucumber:cucumber-core";"Version":"7.18.0";"IsResolved":true;"IsDevelopment":true};{"Id":"Maven-io.cucumber:junit-xml-formatter-0.4.0";"Name":"io.cucumber:junit-xml-formatter";"Version":"0.4.0";"IsResolved":true;"IsDevelopment":true}];[{"Id":"Maven-io.cucumber:cucumber-spring-7.18.0";"Name":"io.cucumber:cucumber-spring";"Version":"7.18.0";"IsResolved":true;"IsDevelopment":true};{"Id":"Maven-io.cucumber:cucumber-core-7.18.0";"Name":"io.cucumber:cucumber-core";"Version":"7.18.0";"IsResolved":true;"IsDevelopment":true};{"Id":"Maven-io.cucumber:junit-xml-formatter-0.4.0";"Name":"io.cucumber:junit-xml-formatter";"Version":"0.4.0";"IsResolved":true;"IsDevelopment":true}]],,,,,"Monitored",,,,
"Maven-io.cucumber:messages-24.1.0","io.cucumber:messages","24.1.0",,"SonaType","No",["MIT"],"Copyright (c) 2018 Cucumber Ltd and contributors","Filename",0,0,0,0,0,24,2026-04-13T21:34:00.000Z,"32.3.1",True,2024-03-23T18:14:32.255Z,0,"NONE",["pom.xml"],"Maven",False,False,True,False,False,False,"Potentially","Transitive",0,False,[[{"Id":"Maven-io.cucumber:cucumber-java-7.18.0";"Name":"io.cucumber:cucumber-java";"Version":"7.18.0";"IsResolved":true;"IsDevelopment":true};{"Id":"Maven-io.cucumber:cucumber-core-7.18.0";"Name":"io.cucumber:cucumber-core";"Version":"7.18.0";"IsResolved":true;"IsDevelopment":true};{"Id":"Maven-io.cucumber:messages-24.1.0";"Name":"io.cucumber:messages";"Version":"24.1.0";"IsResolved":true;"IsDevelopment":true}];[{"Id":"Maven-io.cucumber:cucumber-junit-7.18.0";"Name":"io.cucumber:cucumber-junit";"Version":"7.18.0";"IsResolved":true;"IsDevelopment":true};{"Id":"Maven-io.cucumber:cucumber-core-7.18.0";"Name":"io.cucumber:cucumber-core";"Version":"7.18.0";"IsResolved":true;"IsDevelopment":true};{"Id":"Maven-io.cucumber:messages-24.1.0";"Name":"io.cucumber:messages";"Version":"24.1.0";"IsResolved":true;"IsDevelopment":true}];[{"Id":"Maven-io.cucumber:cucumber-junit-platform-engine-7.18.0";"Name":"io.cucumber:cucumber-junit-platform-engine";"Version":"7.18.0";"IsResolved":true;"IsDevelopment":true};{"Id":"Maven-io.cucumber:cucumber-core-7.18.0";"Name":"io.cucumber:cucumber-core";"Version":"7.18.0";"IsResolved":true;"IsDevelopment":true};{"Id":"Maven-io.cucumber:messages-24.1.0";"Name":"io.cucumber:messages";"Version":"24.1.0";"IsResolved":true;"IsDevelopment":true}];[{"Id":"Maven-io.cucumber:cucumber-spring-7.18.0";"Name":"io.cucumber:cucumber-spring";"Version":"7.18.0";"IsResolved":true;"IsDevelopment":true};{"Id":"Maven-io.cucumber:cucumber-core-7.18.0";"Name":"io.cucumber:cucumber-core";"Version":"7.18.0";"IsResolved":true;"IsDevelopment":true};{"Id":"Maven-io.cucumber:messages-24.1.0";"Name":"io.cucumber:messages";"Version":"24.1.0";"IsResolved":true;"IsDevelopment":true}]],,,,,"Monitored",,,,
"Maven-io.cucumber:query-12.1.2","io.cucumber:query","12.1.2",,"SonaType","No",["MIT"],"Copyright (c) Cucumber Ltd","Filename",0,0,0,0,0,24,2026-01-22T01:38:00.000Z,"15.0.1",True,2024-04-05T13:20:05.617Z,0,"NONE",["pom.xml"],"Maven",False,False,True,False,False,False,"Potentially","Transitive",0,False,[[{"Id":"Maven-io.cucumber:cucumber-java-7.18.0";"Name":"io.cucumber:cucumber-java";"Version":"7.18.0";"IsResolved":true;"IsDevelopment":true};{"Id":"Maven-io.cucumber:cucumber-core-7.18.0";"Name":"io.cucumber:cucumber-core";"Version":"7.18.0";"IsResolved":true;"IsDevelopment":true};{"Id":"Maven-io.cucumber:testng-xml-formatter-0.1.0";"Name":"io.cucumber:testng-xml-formatter";"Version":"0.1.0";"IsResolved":true;"IsDevelopment":true};{"Id":"Maven-io.cucumber:query-12.1.2";"Name":"io.cucumber:query";"Version":"12.1.2";"IsResolved":true;"IsDevelopment":true}];[{"Id":"Maven-io.cucumber:cucumber-junit-7.18.0";"Name":"io.cucumber:cucumber-junit";"Version":"7.18.0";"IsResolved":true;"IsDevelopment":true};{"Id":"Maven-io.cucumber:cucumber-core-7.18.0";"Name":"io.cucumber:cucumber-core";"Version":"7.18.0";"IsResolved":true;"IsDevelopment":true};{"Id":"Maven-io.cucumber:testng-xml-formatter-0.1.0";"Name":"io.cucumber:testng-xml-formatter";"Version":"0.1.0";"IsResolved":true;"IsDevelopment":true};{"Id":"Maven-io.cucumber:query-12.1.2";"Name":"io.cucumber:query";"Version":"12.1.2";"IsResolved":true;"IsDevelopment":true}];[{"Id":"Maven-io.cucumber:cucumber-junit-platform-engine-7.18.0";"Name":"io.cucumber:cucumber-junit-platform-engine";"Version":"7.18.0";"IsResolved":true;"IsDevelopment":true};{"Id":"Maven-io.cucumber:cucumber-core-7.18.0";"Name":"io.cucumber:cucumber-core";"Version":"7.18.0";"IsResolved":true;"IsDevelopment":true};{"Id":"Maven-io.cucumber:testng-xml-formatter-0.1.0";"Name":"io.cucumber:testng-xml-formatter";"Version":"0.1.0";"IsResolved":true;"IsDevelopment":true};{"Id":"Maven-io.cucumber:query-12.1.2";"Name":"io.cucumber:query";"Version":"12.1.2";"IsResolved":true;"IsDevelopment":true}];[{"Id":"Maven-io.cucumber:cucumber-spring-7.18.0";"Name":"io.cucumber:cucumber-spring";"Version":"7.18.0";"IsResolved":true;"IsDevelopment":true};{"Id":"Maven-io.cucumber:cucumber-core-7.18.0";"Name":"io.cucumber:cucumber-core";"Version":"7.18.0";"IsResolved":true;"IsDevelopment":true};{"Id":"Maven-io.cucumber:testng-xml-formatter-0.1.0";"Name":"io.cucumber:testng-xml-formatter";"Version":"0.1.0";"IsResolved":true;"IsDevelopment":true};{"Id":"Maven-io.cucumber:query-12.1.2";"Name":"io.cucumber:query";"Version":"12.1.2";"IsResolved":true;"IsDevelopment":true}]],,,,,"Monitored",,,,
"Maven-io.cucumber:tag-expressions-6.1.0","io.cucumber:tag-expressions","6.1.0",,"SonaType","No",["MIT"],"Copyright (c) 2016 Cucumber Ltd and contributors","Filename",0,0,0,0,0,7,2026-02-17T21:59:00.000Z,"9.1.0",True,2024-01-10T11:36:07.478Z,0,"NONE",["pom.xml"],"Maven",False,False,True,False,False,False,"Potentially","Transitive",0,False,[[{"Id":"Maven-io.cucumber:cucumber-java-7.18.0";"Name":"io.cucumber:cucumber-java";"Version":"7.18.0";"IsResolved":true;"IsDevelopment":true};{"Id":"Maven-io.cucumber:cucumber-core-7.18.0";"Name":"io.cucumber:cucumber-core";"Version":"7.18.0";"IsResolved":true;"IsDevelopment":true};{"Id":"Maven-io.cucumber:tag-expressions-6.1.0";"Name":"io.cucumber:tag-expressions";"Version":"6.1.0";"IsResolved":true;"IsDevelopment":true}];[{"Id":"Maven-io.cucumber:cucumber-junit-7.18.0";"Name":"io.cucumber:cucumber-junit";"Version":"7.18.0";"IsResolved":true;"IsDevelopment":true};{"Id":"Maven-io.cucumber:cucumber-core-7.18.0";"Name":"io.cucumber:cucumber-core";"Version":"7.18.0";"IsResolved":true;"IsDevelopment":true};{"Id":"Maven-io.cucumber:tag-expressions-6.1.0";"Name":"io.cucumber:tag-expressions";"Version":"6.1.0";"IsResolved":true;"IsDevelopment":true}];[{"Id":"Maven-io.cucumber:cucumber-junit-platform-engine-7.18.0";"Name":"io.cucumber:cucumber-junit-platform-engine";"Version":"7.18.0";"IsResolved":true;"IsDevelopment":true};{"Id":"Maven-io.cucumber:cucumber-core-7.18.0";"Name":"io.cucumber:cucumber-core";"Version":"7.18.0";"IsResolved":true;"IsDevelopment":true};{"Id":"Maven-io.cucumber:tag-expressions-6.1.0";"Name":"io.cucumber:tag-expressions";"Version":"6.1.0";"IsResolved":true;"IsDevelopment":true}];[{"Id":"Maven-io.cucumber:cucumber-spring-7.18.0";"Name":"io.cucumber:cucumber-spring";"Version":"7.18.0";"IsResolved":true;"IsDevelopment":true};{"Id":"Maven-io.cucumber:cucumber-core-7.18.0";"Name":"io.cucumber:cucumber-core";"Version":"7.18.0";"IsResolved":true;"IsDevelopment":true};{"Id":"Maven-io.cucumber:tag-expressions-6.1.0";"Name":"io.cucumber:tag-expressions";"Version":"6.1.0";"IsResolved":true;"IsDevelopment":true}]],,,,,"Monitored",,,,
"Maven-io.cucumber:testng-xml-formatter-0.1.0","io.cucumber:testng-xml-formatter","0.1.0",,"SonaType","No",["MIT"],"Copyright (c) 2024 Cucumber","Filename",0,0,0,0,0,8,2026-03-03T14:54:00.000Z,"0.8.1",True,2024-04-05T13:38:36.726Z,0,"NONE",["pom.xml"],"Maven",False,False,True,False,False,False,"Potentially","Transitive",0,False,[[{"Id":"Maven-io.cucumber:cucumber-java-7.18.0";"Name":"io.cucumber:cucumber-java";"Version":"7.18.0";"IsResolved":true;"IsDevelopment":true};{"Id":"Maven-io.cucumber:cucumber-core-7.18.0";"Name":"io.cucumber:cucumber-core";"Version":"7.18.0";"IsResolved":true;"IsDevelopment":true};{"Id":"Maven-io.cucumber:testng-xml-formatter-0.1.0";"Name":"io.cucumber:testng-xml-formatter";"Version":"0.1.0";"IsResolved":true;"IsDevelopment":true}];[{"Id":"Maven-io.cucumber:cucumber-junit-7.18.0";"Name":"io.cucumber:cucumber-junit";"Version":"7.18.0";"IsResolved":true;"IsDevelopment":true};{"Id":"Maven-io.cucumber:cucumber-core-7.18.0";"Name":"io.cucumber:cucumber-core";"Version":"7.18.0";"IsResolved":true;"IsDevelopment":true};{"Id":"Maven-io.cucumber:testng-xml-formatter-0.1.0";"Name":"io.cucumber:testng-xml-formatter";"Version":"0.1.0";"IsResolved":true;"IsDevelopment":true}];[{"Id":"Maven-io.cucumber:cucumber-junit-platform-engine-7.18.0";"Name":"io.cucumber:cucumber-junit-platform-engine";"Version":"7.18.0";"IsResolved":true;"IsDevelopment":true};{"Id":"Maven-io.cucumber:cucumber-core-7.18.0";"Name":"io.cucumber:cucumber-core";"Version":"7.18.0";"IsResolved":true;"IsDevelopment":true};{"Id":"Maven-io.cucumber:testng-xml-formatter-0.1.0";"Name":"io.cucumber:testng-xml-formatter";"Version":"0.1.0";"IsResolved":true;"IsDevelopment":true}];[{"Id":"Maven-io.cucumber:cucumber-spring-7.18.0";"Name":"io.cucumber:cucumber-spring";"Version":"7.18.0";"IsResolved":true;"IsDevelopment":true};{"Id":"Maven-io.cucumber:cucumber-core-7.18.0";"Name":"io.cucumber:cucumber-core";"Version":"7.18.0";"IsResolved":true;"IsDevelopment":true};{"Id":"Maven-io.cucumber:testng-xml-formatter-0.1.0";"Name":"io.cucumber:testng-xml-formatter";"Version":"0.1.0";"IsResolved":true;"IsDevelopment":true}]],,,,,"Monitored",,,,
"Maven-io.grpc:grpc-api-1.63.0","io.grpc:grpc-api","1.63.0",,"SonaType","No",["Apache 2.0"],"Copyright 2014 The gRPC Authors;Copyright 2017 The gRPC Authors;Copyright 2015 The gRPC Authors;Copyright 2020 The gRPC Authors;Copyright 2016 The gRPC Authors;Copyright 2018 The gRPC Authors;Copyright 2021 The gRPC Authors;Copyright 2022 The gRPC Authors;Copyright 2023 The gRPC Authors;Copyright 2019 The gRPC Authors;Copyright 2018, gRPC Authors All rights reserved.","Filename",0,0,0,0,0,34,2026-03-17T14:01:00.000Z,"1.80.0",True,2024-04-04T18:54:40.396Z,0,"NONE",["pom.xml"],"Maven",False,False,False,False,False,False,"Used","Transitive",0,False,[[{"Id":"Maven-net.devh:grpc-client-spring-boot-starter-3.1.0.RELEASE";"Name":"net.devh:grpc-client-spring-boot-starter";"Version":"3.1.0.RELEASE";"IsResolved":true;"IsDevelopment":false};{"Id":"Maven-io.grpc:grpc-inprocess-1.63.0";"Name":"io.grpc:grpc-inprocess";"Version":"1.63.0";"IsResolved":true;"IsDevelopment":false};{"Id":"Maven-io.grpc:grpc-api-1.63.0";"Name":"io.grpc:grpc-api";"Version":"1.63.0";"IsResolved":true;"IsDevelopment":false}];[{"Id":"Maven-net.devh:grpc-server-spring-boot-starter-3.1.0.RELEASE";"Name":"net.devh:grpc-server-spring-boot-starter";"Version":"3.1.0.RELEASE";"IsResolved":true;"IsDevelopment":false};{"Id":"Maven-io.grpc:grpc-api-1.63.0";"Name":"io.grpc:grpc-api";"Version":"1.63.0";"IsResolved":true;"IsDevelopment":false}]],,,,,"Monitored",,,,
"Maven-io.grpc:grpc-context-1.63.0","io.grpc:grpc-context","1.63.0",,"SonaType","No",["Apache 2.0"],"Copyright 2014 The gRPC Authors","Filename",0,0,0,0,0,33,2026-03-17T14:01:00.000Z,"1.80.0",True,2024-04-04T18:53:28.280Z,0,"NONE",["pom.xml"],"Maven",False,False,False,False,False,False,"Package source code not available","Transitive",0,False,[[{"Id":"Maven-net.devh:grpc-client-spring-boot-starter-3.1.0.RELEASE";"Name":"net.devh:grpc-client-spring-boot-starter";"Version":"3.1.0.RELEASE";"IsResolved":true;"IsDevelopment":false};{"Id":"Maven-net.devh:grpc-common-spring-boot-3.1.0.RELEASE";"Name":"net.devh:grpc-common-spring-boot";"Version":"3.1.0.RELEASE";"IsResolved":true;"IsDevelopment":false};{"Id":"Maven-io.grpc:grpc-core-1.76.0";"Name":"io.grpc:grpc-core";"Version":"1.76.0";"IsResolved":true;"IsDevelopment":false};{"Id":"Maven-io.grpc:grpc-context-1.63.0";"Name":"io.grpc:grpc-context";"Version":"1.63.0";"IsResolved":true;"IsDevelopment":false}];[{"Id":"Maven-net.devh:grpc-server-spring-boot-starter-3.1.0.RELEASE";"Name":"net.devh:grpc-server-spring-boot-starter";"Version":"3.1.0.RELEASE";"IsResolved":true;"IsDevelopment":false};{"Id":"Maven-net.devh:grpc-common-spring-boot-3.1.0.RELEASE";"Name":"net.devh:grpc-common-spring-boot";"Version":"3.1.0.RELEASE";"IsResolved":true;"IsDevelopment":false};{"Id":"Maven-io.grpc:grpc-core-1.76.0";"Name":"io.grpc:grpc-core";"Version":"1.76.0";"IsResolved":true;"IsDevelopment":false};{"Id":"Maven-io.grpc:grpc-context-1.63.0";"Name":"io.grpc:grpc-context";"Version":"1.63.0";"IsResolved":true;"IsDevelopment":false}]],,,,,"Monitored",,,,
"Maven-io.grpc:grpc-core-1.76.0","io.grpc:grpc-core","1.76.0",,"SonaType","No",["Apache 2.0"],"Copyright 2014 The gRPC Authors;Copyright 2017 The gRPC Authors;Copyright 2019 The gRPC Authors;Copyright 2016 The gRPC Authors;Copyright 2023 The gRPC Authors;Copyright 2020 The gRPC Authors;Copyright 2024 The gRPC Authors;Copyright 2015 The gRPC Authors;Copyright 2018 The gRPC Authors;Copyright 2025 The gRPC Authors;Copyright 2021 The gRPC Authors;Copyright 2016,2022 The gRPC Authors","Filename",0,0,0,0,0,8,2026-03-17T14:01:00.000Z,"1.80.0",True,2025-10-07T13:17:00.000Z,0,"NONE",["pom.xml"],"Maven",False,False,False,False,False,False,"Potentially","Transitive",0,False,[[{"Id":"Maven-net.devh:grpc-client-spring-boot-starter-3.1.0.RELEASE";"Name":"net.devh:grpc-client-spring-boot-starter";"Version":"3.1.0.RELEASE";"IsResolved":true;"IsDevelopment":false};{"Id":"Maven-net.devh:grpc-common-spring-boot-3.1.0.RELEASE";"Name":"net.devh:grpc-common-spring-boot";"Version":"3.1.0.RELEASE";"IsResolved":true;"IsDevelopment":false};{"Id":"Maven-io.grpc:grpc-core-1.76.0";"Name":"io.grpc:grpc-core";"Version":"1.76.0";"IsResolved":true;"IsDevelopment":false}];[{"Id":"Maven-net.devh:grpc-server-spring-boot-starter-3.1.0.RELEASE";"Name":"net.devh:grpc-server-spring-boot-starter";"Version":"3.1.0.RELEASE";"IsResolved":true;"IsDevelopment":false};{"Id":"Maven-net.devh:grpc-common-spring-boot-3.1.0.RELEASE";"Name":"net.devh:grpc-common-spring-boot";"Version":"3.1.0.RELEASE";"IsResolved":true;"IsDevelopment":false};{"Id":"Maven-io.grpc:grpc-core-1.76.0";"Name":"io.grpc:grpc-core";"Version":"1.76.0";"IsResolved":true;"IsDevelopment":false}]],,,,,"Monitored",,,,
"Maven-io.grpc:grpc-inprocess-1.63.0","io.grpc:grpc-inprocess","1.63.0",,"SonaType","No",["Apache 2.0"],"Copyright 2014 The gRPC Authors;Copyright 2015 The gRPC Authors;Copyright 2020 The gRPC Authors;Copyright 2016 The gRPC Authors;Copyright 2021 The gRPC Authors","Filename",0,0,0,0,0,33,2026-03-17T14:01:00.000Z,"1.80.0",True,2024-04-04T18:54:24.964Z,0,"NONE",["pom.xml"],"Maven",False,False,False,False,False,False,"Potentially","Transitive",0,False,[[{"Id":"Maven-net.devh:grpc-client-spring-boot-starter-3.1.0.RELEASE";"Name":"net.devh:grpc-client-spring-boot-starter";"Version":"3.1.0.RELEASE";"IsResolved":true;"IsDevelopment":false};{"Id":"Maven-io.grpc:grpc-inprocess-1.63.0";"Name":"io.grpc:grpc-inprocess";"Version":"1.63.0";"IsResolved":true;"IsDevelopment":false}];[{"Id":"Maven-net.devh:grpc-server-spring-boot-starter-3.1.0.RELEASE";"Name":"net.devh:grpc-server-spring-boot-starter";"Version":"3.1.0.RELEASE";"IsResolved":true;"IsDevelopment":false};{"Id":"Maven-io.grpc:grpc-inprocess-1.63.0";"Name":"io.grpc:grpc-inprocess";"Version":"1.63.0";"IsResolved":true;"IsDevelopment":false}]],,,,,"Monitored",,,,
"Maven-io.grpc:grpc-netty-shaded-1.76.0","io.grpc:grpc-netty-shaded","1.76.0",,"SonaType","No",["Apache 2.0"],"Copyright 2014 The gRPC Authors;Copyright 2016 The Netty Project","Filename",0,0,0,0,0,8,2026-03-17T14:01:00.000Z,"1.80.0",True,2025-10-07T13:17:00.000Z,0,"NONE",["pom.xml"],"Maven",False,False,False,False,False,False,"Package source code not available","Transitive",0,False,[[{"Id":"Maven-net.devh:grpc-client-spring-boot-starter-3.1.0.RELEASE";"Name":"net.devh:grpc-client-spring-boot-starter";"Version":"3.1.0.RELEASE";"IsResolved":true;"IsDevelopment":false};{"Id":"Maven-io.grpc:grpc-netty-shaded-1.76.0";"Name":"io.grpc:grpc-netty-shaded";"Version":"1.76.0";"IsResolved":true;"IsDevelopment":false}];[{"Id":"Maven-net.devh:grpc-server-spring-boot-starter-3.1.0.RELEASE";"Name":"net.devh:grpc-server-spring-boot-starter";"Version":"3.1.0.RELEASE";"IsResolved":true;"IsDevelopment":false};{"Id":"Maven-io.grpc:grpc-netty-shaded-1.76.0";"Name":"io.grpc:grpc-netty-shaded";"Version":"1.76.0";"IsResolved":true;"IsDevelopment":false}]],,,,,"Monitored",,,,
"Maven-io.grpc:grpc-protobuf-1.76.0","io.grpc:grpc-protobuf","1.76.0",,"SonaType","No",["Apache 2.0"],"Copyright 2014 The gRPC Authors;Copyright 2017 The gRPC Authors;Copyright 2016 The gRPC Authors","Filename",0,0,0,0,0,8,2026-03-17T14:01:00.000Z,"1.80.0",True,2025-10-07T13:17:00.000Z,0,"NONE",["pom.xml"],"Maven",False,True,False,False,False,False,"Unused","Direct",0,False,[],,,,,"Monitored",,,,
"Maven-io.grpc:grpc-protobuf-lite-1.76.0","io.grpc:grpc-protobuf-lite","1.76.0",,"SonaType","No",["Apache 2.0"],"Copyright 2014 The gRPC Authors;Copyright 2017 The gRPC Authors","Filename",0,0,0,0,0,8,2026-03-17T14:01:00.000Z,"1.80.0",True,2025-10-07T13:17:00.000Z,0,"NONE",["pom.xml"],"Maven",False,False,False,False,False,False,"Unused","Transitive",0,False,[[{"Id":"Maven-io.grpc:grpc-protobuf-1.76.0";"Name":"io.grpc:grpc-protobuf";"Version":"1.76.0";"IsResolved":true;"IsDevelopment":false};{"Id":"Maven-io.grpc:grpc-protobuf-lite-1.76.0";"Name":"io.grpc:grpc-protobuf-lite";"Version":"1.76.0";"IsResolved":true;"IsDevelopment":false}]],,,,,"Monitored",,,,
"Maven-io.grpc:grpc-services-1.63.0","io.grpc:grpc-services","1.63.0",,"SonaType","No",["Apache 2.0"],"Copyright 2014 The gRPC Authors;Copyright 2016 The gRPC Authors;Copyright 2019 The gRPC Authors;Copyright 2022 The gRPC Authors;Copyright 2018 The gRPC Authors;Copyright 2023 The gRPC Authors;Copyright 2021 The gRPC Authors;Copyright 2017 The gRPC Authors;Copyright 2018, gRPC Authors All rights reserved.;Copyright 2020 The gRPC Authors","Filename",0,0,0,0,0,33,2026-03-17T14:01:00.000Z,"1.80.0",True,2024-04-04T18:53:01.166Z,0,"NONE",["pom.xml"],"Maven",False,False,False,False,False,False,"Unused","Transitive",0,False,[[{"Id":"Maven-net.devh:grpc-server-spring-boot-starter-3.1.0.RELEASE";"Name":"net.devh:grpc-server-spring-boot-starter";"Version":"3.1.0.RELEASE";"IsResolved":true;"IsDevelopment":false};{"Id":"Maven-io.grpc:grpc-services-1.63.0";"Name":"io.grpc:grpc-services";"Version":"1.63.0";"IsResolved":true;"IsDevelopment":false}]],,,,,"Monitored",,,,
"Maven-io.grpc:grpc-stub-1.76.0","io.grpc:grpc-stub","1.76.0",,"SonaType","No",["Apache 2.0"],"Copyright 2014 The gRPC Authors;Copyright 2016 The gRPC Authors;Copyright 2019 The gRPC Authors;Copyright 2015 The gRPC Authors;Copyright 2023 The gRPC Authors;Copyright 2017 The gRPC Authors;Copyright 2021 The gRPC Authors;Copyright 2018 The gRPC Authors","Filename",0,0,0,0,0,8,2026-03-17T14:01:00.000Z,"1.80.0",True,2025-10-07T13:17:00.000Z,0,"NONE",["pom.xml"],"Maven",False,True,False,False,False,False,"Unused","Direct",0,False,[],,,,,"Monitored",,,,
"Maven-io.grpc:grpc-util-1.63.0","io.grpc:grpc-util","1.63.0",,"SonaType","No",["Apache 2.0"],"Copyright 2014 The gRPC Authors;Copyright 2019 The gRPC Authors;Copyright 2021 The gRPC Authors;Copyright 2017 The gRPC Authors;Copyright 2023 The gRPC Authors;Copyright 2018 The gRPC Authors;Copyright 2016 The gRPC Authors;Copyright 2022 The gRPC Authors","Filename",0,0,0,0,0,33,2026-03-17T14:01:00.000Z,"1.80.0",True,2024-04-04T18:54:52.792Z,0,"NONE",["pom.xml"],"Maven",False,False,False,False,False,False,"Potentially","Transitive",0,False,[[{"Id":"Maven-net.devh:grpc-client-spring-boot-starter-3.1.0.RELEASE";"Name":"net.devh:grpc-client-spring-boot-starter";"Version":"3.1.0.RELEASE";"IsResolved":true;"IsDevelopment":false};{"Id":"Maven-io.grpc:grpc-netty-shaded-1.76.0";"Name":"io.grpc:grpc-netty-shaded";"Version":"1.76.0";"IsResolved":true;"IsDevelopment":false};{"Id":"Maven-io.grpc:grpc-util-1.63.0";"Name":"io.grpc:grpc-util";"Version":"1.63.0";"IsResolved":true;"IsDevelopment":false}];[{"Id":"Maven-net.devh:grpc-server-spring-boot-starter-3.1.0.RELEASE";"Name":"net.devh:grpc-server-spring-boot-starter";"Version":"3.1.0.RELEASE";"IsResolved":true;"IsDevelopment":false};{"Id":"Maven-io.grpc:grpc-netty-shaded-1.76.0";"Name":"io.grpc:grpc-netty-shaded";"Version":"1.76.0";"IsResolved":true;"IsDevelopment":false};{"Id":"Maven-io.grpc:grpc-util-1.63.0";"Name":"io.grpc:grpc-util";"Version":"1.63.0";"IsResolved":true;"IsDevelopment":false}]],,,,,"Monitored",,,,
"Maven-io.hypersistence:hypersistence-tsid-2.1.1","io.hypersistence:hypersistence-tsid","2.1.1",,"SonaType","No",["MIT"],"Copyright (c) 2020-2022 Fabio Lima","Filename",0,0,0,0,0,3,2025-02-13T18:47:46.000Z,"2.1.4",True,2023-07-21T10:03:19.000Z,0,"NONE",["pom.xml"],"Maven",False,False,False,False,False,False,"Unused","Transitive",0,False,[[{"Id":"Maven-io.hypersistence:hypersistence-utils-hibernate-63-3.8.2";"Name":"io.hypersistence:hypersistence-utils-hibernate-63";"Version":"3.8.2";"IsResolved":true;"IsDevelopment":false};{"Id":"Maven-io.hypersistence:hypersistence-tsid-2.1.1";"Name":"io.hypersistence:hypersistence-tsid";"Version":"2.1.1";"IsResolved":true;"IsDevelopment":false}]],,,,,"Monitored",,,,
"Maven-io.hypersistence:hypersistence-utils-hibernate-63-3.8.2","io.hypersistence:hypersistence-utils-hibernate-63","3.8.2",,"SonaType","No",["Apache 2.0"],"Copyright {2017-2020} {Mihalcea Vlad-Alexandru}","Filename",0,0,0,0,0,28,2026-02-09T13:22:00.000Z,"3.15.2",True,2024-07-25T15:27:18.000Z,0,"NONE",["pom.xml"],"Maven",False,True,False,False,False,False,"Unused","Direct",0,False,[],,,,,"Monitored",,,,
"Maven-io.micrometer:micrometer-commons-1.14.7","io.micrometer:micrometer-commons","1.14.7",,"SonaType","No",["Apache 2.0"],"Copyright (c) 2017-Present VMware, Inc. All Rights Reserved.;Copyright 2013 The Netty Project;Copyright 2001-2019 The Apache Software Foundation;Copyright 2010 Google Inc.;Copyright 2002-2019 the original author or authors.;Copyright 2017 VMware, Inc.;Copyright 2022 VMware, Inc.;Copyright 2023 VMware, Inc.;Copyright 2023 the original author or authors.;Copyright 2002-2017 the original author or authors.;Copyright 2017-2021 VMware, Inc.;Copyright 2019 VMware, Inc.;Copyright 2012 The Netty Project;Copyright (c) 2004-2011 QOS.ch All rights reserved.;Copyright 2017 The Netty Project","Filename",0,0,0,0,0,38,2026-03-10T03:30:00.000Z,"1.17.0-M3",True,2025-05-12T08:37:44.000Z,0,"NONE",["pom.xml"],"Maven",False,False,False,False,False,False,"Potentially","Transitive",0,False,[[{"Id":"Maven-net.devh:grpc-client-spring-boot-starter-3.1.0.RELEASE";"Name":"net.devh:grpc-client-spring-boot-starter";"Version":"3.1.0.RELEASE";"IsResolved":true;"IsDevelopment":false};{"Id":"Maven-org.springframework.boot:spring-boot-starter-3.4.6";"Name":"org.springframework.boot:spring-boot-starter";"Version":"3.4.6";"IsResolved":true;"IsDevelopment":true};{"Id":"Maven-org.springframework.boot:spring-boot-3.4.6";"Name":"org.springframework.boot:spring-boot";"Version":"3.4.6";"IsResolved":true;"IsDevelopment":false};{"Id":"Maven-org.springframework:spring-context-6.2.7";"Name":"org.springframework:spring-context";"Version":"6.2.7";"IsResolved":true;"IsDevelopment":true};{"Id":"Maven-io.micrometer:micrometer-observation-1.14.7";"Name":"io.micrometer:micrometer-observation";"Version":"1.14.7";"IsResolved":true;"IsDevelopment":true};{"Id":"Maven-io.micrometer:micrometer-commons-1.14.7";"Name":"io.micrometer:micrometer-commons";"Version":"1.14.7";"IsResolved":true;"IsDevelopment":true}];[{"Id":"Maven-net.devh:grpc-server-spring-boot-starter-3.1.0.RELEASE";"Name":"net.devh:grpc-server-spring-boot-starter";"Version":"3.1.0.RELEASE";"IsResolved":true;"IsDevelopment":false};{"Id":"Maven-org.springframework.boot:spring-boot-starter-3.4.6";"Name":"org.springframework.boot:spring-boot-starter";"Version":"3.4.6";"IsResolved":true;"IsDevelopment":true};{"Id":"Maven-org.springframework.boot:spring-boot-3.4.6";"Name":"org.springframework.boot:spring-boot";"Version":"3.4.6";"IsResolved":true;"IsDevelopment":false};{"Id":"Maven-org.springframework:spring-context-6.2.7";"Name":"org.springframework:spring-context";"Version":"6.2.7";"IsResolved":true;"IsDevelopment":true};{"Id":"Maven-io.micrometer:micrometer-observation-1.14.7";"Name":"io.micrometer:micrometer-observation";"Version":"1.14.7";"IsResolved":true;"IsDevelopment":true};{"Id":"Maven-io.micrometer:micrometer-commons-1.14.7";"Name":"io.micrometer:micrometer-commons";"Version":"1.14.7";"IsResolved":true;"IsDevelopment":true}];[{"Id":"Maven-org.springframework.boot:spring-boot-starter-actuator-3.4.6";"Name":"org.springframework.boot:spring-boot-starter-actuator";"Version":"3.4.6";"IsResolved":true;"IsDevelopment":false};{"Id":"Maven-io.micrometer:micrometer-observation-1.14.7";"Name":"io.micrometer:micrometer-observation";"Version":"1.14.7";"IsResolved":true;"IsDevelopment":true};{"Id":"Maven-io.micrometer:micrometer-commons-1.14.7";"Name":"io.micrometer:micrometer-commons";"Version":"1.14.7";"IsResolved":true;"IsDevelopment":true}];[{"Id":"Maven-org.springframework.boot:spring-boot-starter-data-jpa-3.4.6";"Name":"org.springframework.boot:spring-boot-starter-data-jpa";"Version":"3.4.6";"IsResolved":true;"IsDevelopment":false};{"Id":"Maven-org.springframework.data:spring-data-jpa-3.4.6";"Name":"org.springframework.data:spring-data-jpa";"Version":"3.4.6";"IsResolved":true;"IsDevelopment":false};{"Id":"Maven-org.springframework:spring-context-6.2.7";"Name":"org.springframework:spring-context";"Version":"6.2.7";"IsResolved":true;"IsDevelopment":true};{"Id":"Maven-io.micrometer:micrometer-observation-1.14.7";"Name":"io.micrometer:micrometer-observation";"Version":"1.14.7";"IsResolved":true;"IsDevelopment":true};{"Id":"Maven-io.micrometer:micrometer-commons-1.14.7";"Name":"io.micrometer:micrometer-commons";"Version":"1.14.7";"IsResolved":true;"IsDevelopment":true}];[{"Id":"Maven-org.springframework.boot:spring-boot-starter-test-3.4.6";"Name":"org.springframework.boot:spring-boot-starter-test";"Version":"3.4.6";"IsResolved":true;"IsDevelopment":true};{"Id":"Maven-org.springframework.boot:spring-boot-starter-3.4.6";"Name":"org.springframework.boot:spring-boot-starter";"Version":"3.4.6";"IsResolved":true;"IsDevelopment":true};{"Id":"Maven-org.springframework.boot:spring-boot-3.4.6";"Name":"org.springframework.boot:spring-boot";"Version":"3.4.6";"IsResolved":true;"IsDevelopment":false};{"Id":"Maven-org.springframework:spring-context-6.2.7";"Name":"org.springframework:spring-context";"Version":"6.2.7";"IsResolved":true;"IsDevelopment":true};{"Id":"Maven-io.micrometer:micrometer-observation-1.14.7";"Name":"io.micrometer:micrometer-observation";"Version":"1.14.7";"IsResolved":true;"IsDevelopment":true};{"Id":"Maven-io.micrometer:micrometer-commons-1.14.7";"Name":"io.micrometer:micrometer-commons";"Version":"1.14.7";"IsResolved":true;"IsDevelopment":true}];[{"Id":"Maven-org.springframework.boot:spring-boot-starter-validation-3.4.6";"Name":"org.springframework.boot:spring-boot-starter-validation";"Version":"3.4.6";"IsResolved":true;"IsDevelopment":false};{"Id":"Maven-org.springframework.boot:spring-boot-starter-3.4.6";"Name":"org.springframework.boot:spring-boot-starter";"Version":"3.4.6";"IsResolved":true;"IsDevelopment":true};{"Id":"Maven-org.springframework.boot:spring-boot-3.4.6";"Name":"org.springframework.boot:spring-boot";"Version":"3.4.6";"IsResolved":true;"IsDevelopment":false};{"Id":"Maven-org.springframework:spring-context-6.2.7";"Name":"org.springframework:spring-context";"Version":"6.2.7";"IsResolved":true;"IsDevelopment":true};{"Id":"Maven-io.micrometer:micrometer-observation-1.14.7";"Name":"io.micrometer:micrometer-observation";"Version":"1.14.7";"IsResolved":true;"IsDevelopment":true};{"Id":"Maven-io.micrometer:micrometer-commons-1.14.7";"Name":"io.micrometer:micrometer-commons";"Version":"1.14.7";"IsResolved":true;"IsDevelopment":true}];[{"Id":"Maven-org.springframework.boot:spring-boot-starter-web-3.4.6";"Name":"org.springframework.boot:spring-boot-starter-web";"Version":"3.4.6";"IsResolved":true;"IsDevelopment":false};{"Id":"Maven-org.springframework.boot:spring-boot-starter-3.4.6";"Name":"org.springframework.boot:spring-boot-starter";"Version":"3.4.6";"IsResolved":true;"IsDevelopment":true};{"Id":"Maven-org.springframework.boot:spring-boot-3.4.6";"Name":"org.springframework.boot:spring-boot";"Version":"3.4.6";"IsResolved":true;"IsDevelopment":false};{"Id":"Maven-org.springframework:spring-context-6.2.7";"Name":"org.springframework:spring-context";"Version":"6.2.7";"IsResolved":true;"IsDevelopment":true};{"Id":"Maven-io.micrometer:micrometer-observation-1.14.7";"Name":"io.micrometer:micrometer-observation";"Version":"1.14.7";"IsResolved":true;"IsDevelopment":true};{"Id":"Maven-io.micrometer:micrometer-commons-1.14.7";"Name":"io.micrometer:micrometer-commons";"Version":"1.14.7";"IsResolved":true;"IsDevelopment":true}]],,,,,"Monitored",,,,
"Maven-io.micrometer:micrometer-core-1.14.7","io.micrometer:micrometer-core","1.14.7",,"SonaType","No",["Apache 2.0"],"Copyright (c) 2017-Present VMware, Inc. All Rights Reserved.;Copyright 2013 The Netty Project;Copyright 2001-2019 The Apache Software Foundation;Copyright 2010 Google Inc.;Copyright 2002-2019 the original author or authors.;Copyright 2017 VMware, Inc.;Copyright 2022 VMware, Inc.;Copyright 2024 VMware, Inc.;Copyright 2023 the original author or authors.;Copyright 2023 VMware, Inc.;Copyright 2024 the original author or authors.;Copyright 2020 VMware, Inc.;Copyright 2018 VMware, Inc.;Copyright 2019 VMware, Inc.;Copyright 2021 VMware, Inc.;Copyright 2022 the original author or authors.;Copyright 2013-2022 the original author or authors.;Copyright 2012-2019 the original author or authors.;Copyright 2002-2017 the original author or authors.;Copyright 2017-2021 VMware, Inc.;Copyright 2012 The Netty Project;Copyright (c) 2004-2011 QOS.ch All rights reserved.;Copyright 2017 The Netty Project","Filename",0,0,0,0,0,38,2026-03-10T03:30:00.000Z,"1.17.0-M3",True,2025-05-12T08:37:45.000Z,0,"NONE",["pom.xml"],"Maven",False,False,False,False,False,False,"Unused","Transitive",0,False,[[{"Id":"Maven-org.springframework.boot:spring-boot-starter-actuator-3.4.6";"Name":"org.springframework.boot:spring-boot-starter-actuator";"Version":"3.4.6";"IsResolved":true;"IsDevelopment":false};{"Id":"Maven-io.micrometer:micrometer-jakarta9-1.14.7";"Name":"io.micrometer:micrometer-jakarta9";"Version":"1.14.7";"IsResolved":true;"IsDevelopment":false};{"Id":"Maven-io.micrometer:micrometer-core-1.14.7";"Name":"io.micrometer:micrometer-core";"Version":"1.14.7";"IsResolved":true;"IsDevelopment":false}]],,,,,"Monitored",,,,
"Maven-io.micrometer:micrometer-jakarta9-1.14.7","io.micrometer:micrometer-jakarta9","1.14.7",,"SonaType","No",["Apache 2.0"],"Copyright (c) 2017-Present VMware, Inc. All Rights Reserved.;Copyright 2013 The Netty Project;Copyright 2001-2019 The Apache Software Foundation;Copyright 2010 Google Inc.;Copyright 2002-2019 the original author or authors.;Copyright 2023 VMware, Inc.;Copyright 2024 VMware, Inc.;Copyright 2002-2023 the original author or authors.","Filename",0,0,0,0,0,32,2026-03-10T03:30:00.000Z,"1.17.0-M3",True,2025-05-12T08:37:49.000Z,0,"NONE",["pom.xml"],"Maven",False,False,False,False,False,False,"Unused","Transitive",0,False,[[{"Id":"Maven-org.springframework.boot:spring-boot-starter-actuator-3.4.6";"Name":"org.springframework.boot:spring-boot-starter-actuator";"Version":"3.4.6";"IsResolved":true;"IsDevelopment":false};{"Id":"Maven-io.micrometer:micrometer-jakarta9-1.14.7";"Name":"io.micrometer:micrometer-jakarta9";"Version":"1.14.7";"IsResolved":true;"IsDevelopment":false}]],,,,,"Monitored",,,,
"Maven-io.micrometer:micrometer-observation-1.14.7","io.micrometer:micrometer-observation","1.14.7",,"SonaType","No",["Apache 2.0"],"Copyright (c) 2017-Present VMware, Inc. All Rights Reserved.;Copyright 2013 The Netty Project;Copyright 2001-2019 The Apache Software Foundation;Copyright 2010 Google Inc.;Copyright 2002-2019 the original author or authors.;Copyright 2022 VMware, Inc.;Copyright 2023 VMware, Inc.;Copyright 2024 VMware, Inc.;Copyright 2002-2021 the original author or authors.;Copyright 2021 VMware, Inc.","Filename",0,0,0,0,0,38,2026-03-10T03:30:00.000Z,"1.17.0-M3",True,2025-05-12T08:37:57.000Z,0,"NONE",["pom.xml"],"Maven",False,False,False,False,False,False,"Potentially","Transitive",0,False,[[{"Id":"Maven-net.devh:grpc-client-spring-boot-starter-3.1.0.RELEASE";"Name":"net.devh:grpc-client-spring-boot-starter";"Version":"3.1.0.RELEASE";"IsResolved":true;"IsDevelopment":false};{"Id":"Maven-org.springframework.boot:spring-boot-starter-3.4.6";"Name":"org.springframework.boot:spring-boot-starter";"Version":"3.4.6";"IsResolved":true;"IsDevelopment":true};{"Id":"Maven-org.springframework.boot:spring-boot-3.4.6";"Name":"org.springframework.boot:spring-boot";"Version":"3.4.6";"IsResolved":true;"IsDevelopment":false};{"Id":"Maven-org.springframework:spring-context-6.2.7";"Name":"org.springframework:spring-context";"Version":"6.2.7";"IsResolved":true;"IsDevelopment":true};{"Id":"Maven-io.micrometer:micrometer-observation-1.14.7";"Name":"io.micrometer:micrometer-observation";"Version":"1.14.7";"IsResolved":true;"IsDevelopment":true}];[{"Id":"Maven-net.devh:grpc-server-spring-boot-starter-3.1.0.RELEASE";"Name":"net.devh:grpc-server-spring-boot-starter";"Version":"3.1.0.RELEASE";"IsResolved":true;"IsDevelopment":false};{"Id":"Maven-org.springframework.boot:spring-boot-starter-3.4.6";"Name":"org.springframework.boot:spring-boot-starter";"Version":"3.4.6";"IsResolved":true;"IsDevelopment":true};{"Id":"Maven-org.springframework.boot:spring-boot-3.4.6";"Name":"org.springframework.boot:spring-boot";"Version":"3.4.6";"IsResolved":true;"IsDevelopment":false};{"Id":"Maven-org.springframework:spring-context-6.2.7";"Name":"org.springframework:spring-context";"Version":"6.2.7";"IsResolved":true;"IsDevelopment":true};{"Id":"Maven-io.micrometer:micrometer-observation-1.14.7";"Name":"io.micrometer:micrometer-observation";"Version":"1.14.7";"IsResolved":true;"IsDevelopment":true}];[{"Id":"Maven-org.springframework.boot:spring-boot-starter-actuator-3.4.6";"Name":"org.springframework.boot:spring-boot-starter-actuator";"Version":"3.4.6";"IsResolved":true;"IsDevelopment":false};{"Id":"Maven-io.micrometer:micrometer-observation-1.14.7";"Name":"io.micrometer:micrometer-observation";"Version":"1.14.7";"IsResolved":true;"IsDevelopment":true}];[{"Id":"Maven-org.springframework.boot:spring-boot-starter-data-jpa-3.4.6";"Name":"org.springframework.boot:spring-boot-starter-data-jpa";"Version":"3.4.6";"IsResolved":true;"IsDevelopment":false};{"Id":"Maven-org.springframework.data:spring-data-jpa-3.4.6";"Name":"org.springframework.data:spring-data-jpa";"Version":"3.4.6";"IsResolved":true;"IsDevelopment":false};{"Id":"Maven-org.springframework:spring-context-6.2.7";"Name":"org.springframework:spring-context";"Version":"6.2.7";"IsResolved":true;"IsDevelopment":true};{"Id":"Maven-io.micrometer:micrometer-observation-1.14.7";"Name":"io.micrometer:micrometer-observation";"Version":"1.14.7";"IsResolved":true;"IsDevelopment":true}];[{"Id":"Maven-org.springframework.boot:spring-boot-starter-test-3.4.6";"Name":"org.springframework.boot:spring-boot-starter-test";"Version":"3.4.6";"IsResolved":true;"IsDevelopment":true};{"Id":"Maven-org.springframework.boot:spring-boot-starter-3.4.6";"Name":"org.springframework.boot:spring-boot-starter";"Version":"3.4.6";"IsResolved":true;"IsDevelopment":true};{"Id":"Maven-org.springframework.boot:spring-boot-3.4.6";"Name":"org.springframework.boot:spring-boot";"Version":"3.4.6";"IsResolved":true;"IsDevelopment":false};{"Id":"Maven-org.springframework:spring-context-6.2.7";"Name":"org.springframework:spring-context";"Version":"6.2.7";"IsResolved":true;"IsDevelopment":true};{"Id":"Maven-io.micrometer:micrometer-observation-1.14.7";"Name":"io.micrometer:micrometer-observation";"Version":"1.14.7";"IsResolved":true;"IsDevelopment":true}];[{"Id":"Maven-org.springframework.boot:spring-boot-starter-validation-3.4.6";"Name":"org.springframework.boot:spring-boot-starter-validation";"Version":"3.4.6";"IsResolved":true;"IsDevelopment":false};{"Id":"Maven-org.springframework.boot:spring-boot-starter-3.4.6";"Name":"org.springframework.boot:spring-boot-starter";"Version":"3.4.6";"IsResolved":true;"IsDevelopment":true};{"Id":"Maven-org.springframework.boot:spring-boot-3.4.6";"Name":"org.springframework.boot:spring-boot";"Version":"3.4.6";"IsResolved":true;"IsDevelopment":false};{"Id":"Maven-org.springframework:spring-context-6.2.7";"Name":"org.springframework:spring-context";"Version":"6.2.7";"IsResolved":true;"IsDevelopment":true};{"Id":"Maven-io.micrometer:micrometer-observation-1.14.7";"Name":"io.micrometer:micrometer-observation";"Version":"1.14.7";"IsResolved":true;"IsDevelopment":true}];[{"Id":"Maven-org.springframework.boot:spring-boot-starter-web-3.4.6";"Name":"org.springframework.boot:spring-boot-starter-web";"Version":"3.4.6";"IsResolved":true;"IsDevelopment":false};{"Id":"Maven-org.springframework.boot:spring-boot-starter-3.4.6";"Name":"org.springframework.boot:spring-boot-starter";"Version":"3.4.6";"IsResolved":true;"IsDevelopment":true};{"Id":"Maven-org.springframework.boot:spring-boot-3.4.6";"Name":"org.springframework.boot:spring-boot";"Version":"3.4.6";"IsResolved":true;"IsDevelopment":false};{"Id":"Maven-org.springframework:spring-context-6.2.7";"Name":"org.springframework:spring-context";"Version":"6.2.7";"IsResolved":true;"IsDevelopment":true};{"Id":"Maven-io.micrometer:micrometer-observation-1.14.7";"Name":"io.micrometer:micrometer-observation";"Version":"1.14.7";"IsResolved":true;"IsDevelopment":true}]],,,,,"Monitored",,,,
"Maven-io.netty:netty-buffer-4.2.10.Final","io.netty:netty-buffer","4.2.10.Final",,"SonaType","No",["Apache 2.0"],"Copyright 2012 The Netty Project;Copyright 2013 The Netty Project;Copyright 2024 The Netty Project;Copyright 2015 The Netty Project;Copyright 2016 The Netty Project;Copyright 2025 The Netty Project;Copyright 2014 The Netty Project;Copyright 2017 The Netty Project;Copyright 2020 The Netty Project;Copyright 2022 The Netty Project","Filename",0,0,0,0,0,2,2026-03-25T18:28:00.000Z,"4.2.12.Final",True,2026-02-05T10:44:00.000Z,0,"NONE",["pom.xml"],"Maven",False,False,False,False,False,False,"Unused","Transitive",0,False,[[{"Id":"Maven-io.netty:netty-handler-4.2.10.Final";"Name":"io.netty:netty-handler";"Version":"4.2.10.Final";"IsResolved":true;"IsDevelopment":false};{"Id":"Maven-io.netty:netty-buffer-4.2.10.Final";"Name":"io.netty:netty-buffer";"Version":"4.2.10.Final";"IsResolved":true;"IsDevelopment":false}]],,,,,"Monitored",,,,
"Maven-io.netty:netty-codec-base-4.2.10.Final","io.netty:netty-codec-base","4.2.10.Final",,"SonaType","No",["Apache 2.0"],"Copyright 2024 The Netty Project","Filename",0,0,0,0,0,2,2026-03-25T18:28:00.000Z,"4.2.12.Final",True,2026-02-05T10:44:00.000Z,0,"NONE",["pom.xml"],"Maven",False,False,False,False,False,False,"Unused","Transitive",0,False,[[{"Id":"Maven-io.netty:netty-handler-4.2.10.Final";"Name":"io.netty:netty-handler";"Version":"4.2.10.Final";"IsResolved":true;"IsDevelopment":false};{"Id":"Maven-io.netty:netty-codec-base-4.2.10.Final";"Name":"io.netty:netty-codec-base";"Version":"4.2.10.Final";"IsResolved":true;"IsDevelopment":false}]],,,,,"Monitored",,,,
"Maven-io.netty:netty-common-4.2.0.RC3","io.netty:netty-common","4.2.0.RC3",,"SonaType","No",["Apache 2.0"],"Copyright 2012 The Netty Project;Copyright 2016 The Netty Project;Copyright 2015 The Netty Project;Copyright 2013 The Netty Project;Copyright 2024 The Netty Project;Copyright 2020 The Netty Project;Copyright 2019 The Netty Project;Copyright 2017 The Netty Project;Copyright 2014 The Netty Project;Copyright 2018 The Netty Project;Copyright 2021 The Netty Project;Copyright (c) 2004-2011 QOS.ch All rights reserved.;Copyright 2025 The Netty Project","Filename",0,0,0,0,0,14,2026-03-25T18:28:00.000Z,"4.2.12.Final",True,2025-02-11T08:49:11.033Z,0,"NONE",["pom.xml"],"Maven",False,False,False,False,False,False,"Unused","Transitive",0,False,[[{"Id":"Maven-io.netty:netty-handler-4.2.10.Final";"Name":"io.netty:netty-handler";"Version":"4.2.10.Final";"IsResolved":true;"IsDevelopment":false};{"Id":"Maven-io.netty:netty-common-4.2.0.RC3";"Name":"io.netty:netty-common";"Version":"4.2.0.RC3";"IsResolved":true;"IsDevelopment":false}]],,,,,"Monitored",,,,
"Maven-io.netty:netty-handler-4.2.10.Final","io.netty:netty-handler","4.2.10.Final",,"SonaType","No",["Apache 2.0"],"Copyright 2012 The Netty Project;Copyright 2016 The Netty Project;Copyright 2015 The Netty Project;Copyright 2017 The Netty Project;Copyright 2014 The Netty Project;Copyright 2021 The Netty Project;Copyright 2023 The Netty Project;Copyright 2025 The Netty Project;Copyright 2018 The Netty Project;Copyright 2024 The Netty Project;Copyright 2022 The Netty Project;Copyright 2020 The Netty Project;Copyright 2019 The Netty Project;Copyright 2013 The Netty Project;Copyright 2011 The Netty Project","Filename",0,0,0,0,0,2,2026-03-25T18:28:00.000Z,"4.2.12.Final",True,2026-02-05T10:44:00.000Z,0,"NONE",["pom.xml"],"Maven",False,True,False,False,False,False,"Unused","Direct",0,False,[],,,,,"Monitored",,,,
"Maven-io.netty:netty-resolver-4.2.10.Final","io.netty:netty-resolver","4.2.10.Final",,"SonaType","No",["Apache 2.0"],"Copyright 2014 The Netty Project;Copyright 2015 The Netty Project;Copyright 2017 The Netty Project;Copyright 2016 The Netty Project;Copyright 2021 The Netty Project","Filename",0,0,0,0,0,2,2026-03-25T18:28:00.000Z,"4.2.12.Final",True,2026-02-05T10:44:00.000Z,0,"NONE",["pom.xml"],"Maven",False,False,False,False,False,False,"Unused","Transitive",0,False,[[{"Id":"Maven-io.netty:netty-handler-4.2.10.Final";"Name":"io.netty:netty-handler";"Version":"4.2.10.Final";"IsResolved":true;"IsDevelopment":false};{"Id":"Maven-io.netty:netty-resolver-4.2.10.Final";"Name":"io.netty:netty-resolver";"Version":"4.2.10.Final";"IsResolved":true;"IsDevelopment":false}]],,,,,"Monitored",,,,
"Maven-io.netty:netty-transport-4.2.10.Final","io.netty:netty-transport","4.2.10.Final",,"SonaType","No",["Apache 2.0"],"Copyright 2012 The Netty Project;Copyright 2016 The Netty Project;Copyright 2013 The Netty Project;Copyright 2017 The Netty Project;Copyright 2023 The Netty Project;Copyright 2022 The Netty Project;Copyright 2024 The Netty Project;Copyright 2018 The Netty Project;Copyright 2020 The Netty Project;Copyright 2014 The Netty Project;Copyright 2025 The Netty Project;Copyright 2015 The Netty Project;Copyright 2019 The Netty Project;Copyright 2021 The Netty Project","Filename",0,0,0,0,0,2,2026-03-25T18:28:00.000Z,"4.2.12.Final",True,2026-02-05T10:44:00.000Z,0,"NONE",["pom.xml"],"Maven",False,False,False,False,False,False,"Unused","Transitive",0,False,[[{"Id":"Maven-io.netty:netty-handler-4.2.10.Final";"Name":"io.netty:netty-handler";"Version":"4.2.10.Final";"IsResolved":true;"IsDevelopment":false};{"Id":"Maven-io.netty:netty-transport-4.2.10.Final";"Name":"io.netty:netty-transport";"Version":"4.2.10.Final";"IsResolved":true;"IsDevelopment":false}]],,,,,"Monitored",,,,
"Maven-io.netty:netty-transport-native-unix-common-4.2.10.Final","io.netty:netty-transport-native-unix-common","4.2.10.Final",,"SonaType","No",["Apache 2.0"],"Copyright 2016 The Netty Project;Copyright 2017 The Netty Project;Copyright 2022 The Netty Project;Copyright 2018 The Netty Project;Copyright 2015 The Netty Project;Copyright 2014 The Netty Project;Copyright 2021 The Netty Project","Filename",0,0,0,0,0,2,2026-03-25T18:28:00.000Z,"4.2.12.Final",True,2026-02-05T10:44:00.000Z,0,"NONE",["pom.xml"],"Maven",False,False,False,False,False,False,"Unused","Transitive",0,False,[[{"Id":"Maven-io.netty:netty-handler-4.2.10.Final";"Name":"io.netty:netty-handler";"Version":"4.2.10.Final";"IsResolved":true;"IsDevelopment":false};{"Id":"Maven-io.netty:netty-transport-native-unix-common-4.2.10.Final";"Name":"io.netty:netty-transport-native-unix-common";"Version":"4.2.10.Final";"IsResolved":true;"IsDevelopment":false}]],,,,,"Monitored",,,,
"Maven-io.perfmark:perfmark-api-0.27.0","io.perfmark:perfmark-api","0.27.0",,"SonaType","No",["Apache 2.0"],"Copyright 2019 Google LLC;Copyright 2020 Google LLC","Filename",0,0,0,0,0,2,2025-04-11T07:30:10.000Z,"0.27.0.redhat-00003",True,2023-12-21T06:47:38.153Z,0,"NONE",["pom.xml"],"Maven",False,False,False,False,False,False,"Potentially","Transitive",0,False,[[{"Id":"Maven-net.devh:grpc-client-spring-boot-starter-3.1.0.RELEASE";"Name":"net.devh:grpc-client-spring-boot-starter";"Version":"3.1.0.RELEASE";"IsResolved":true;"IsDevelopment":false};{"Id":"Maven-io.grpc:grpc-netty-shaded-1.76.0";"Name":"io.grpc:grpc-netty-shaded";"Version":"1.76.0";"IsResolved":true;"IsDevelopment":false};{"Id":"Maven-io.perfmark:perfmark-api-0.27.0";"Name":"io.perfmark:perfmark-api";"Version":"0.27.0";"IsResolved":true;"IsDevelopment":false}];[{"Id":"Maven-net.devh:grpc-server-spring-boot-starter-3.1.0.RELEASE";"Name":"net.devh:grpc-server-spring-boot-starter";"Version":"3.1.0.RELEASE";"IsResolved":true;"IsDevelopment":false};{"Id":"Maven-io.grpc:grpc-netty-shaded-1.76.0";"Name":"io.grpc:grpc-netty-shaded";"Version":"1.76.0";"IsResolved":true;"IsDevelopment":false};{"Id":"Maven-io.perfmark:perfmark-api-0.27.0";"Name":"io.perfmark:perfmark-api";"Version":"0.27.0";"IsResolved":true;"IsDevelopment":false}]],,,,,"Monitored",,,,
"Maven-io.smallrye:jandex-3.1.2","io.smallrye:jandex","3.1.2",,"SonaType","No",["Apache 2.0"],,"Filename",0,0,0,0,0,35,2025-12-02T17:54:00.000Z,"3.5.3",True,2023-06-08T15:10:03.000Z,0,"NONE",["pom.xml"],"Maven",False,False,False,False,False,False,"Potentially","Transitive",0,False,[[{"Id":"Maven-org.hibernate.orm:hibernate-core-6.5.2.Final";"Name":"org.hibernate.orm:hibernate-core";"Version":"6.5.2.Final";"IsResolved":true;"IsDevelopment":false};{"Id":"Maven-io.smallrye:jandex-3.1.2";"Name":"io.smallrye:jandex";"Version":"3.1.2";"IsResolved":true;"IsDevelopment":false}]],,,,,"Monitored",,,,
"Maven-jakarta.activation:jakarta.activation-api-2.1.3","jakarta.activation:jakarta.activation-api","2.1.3",,"SonaType","No",[],"Copyright (c) 1997, 2023 Oracle and/or its affiliates. All rights reserved.;Copyright (c) 2018 Oracle and/or its affiliates. All rights reserved.;Copyright (c) 1997, 2021 Oracle and/or its affiliates. All rights reserved.;Copyright (c) 2021, 2024 Oracle and/or its affiliates. All rights reserved.;Copyright (c) 2021 Oracle and/or its affiliates. All rights reserved.;Copyright (c) 1997, 2024 Oracle and/or its affiliates. All rights reserved.","Filename",0,0,0,0,0,3,2026-04-20T15:11:00.000Z,"2.2.0-M2",True,2024-02-15T08:14:27.000Z,0,"NONE",["pom.xml"],"Maven",False,False,False,False,False,False,"Potentially","Transitive",0,False,[[{"Id":"Maven-io.hypersistence:hypersistence-utils-hibernate-63-3.8.2";"Name":"io.hypersistence:hypersistence-utils-hibernate-63";"Version":"3.8.2";"IsResolved":true;"IsDevelopment":false};{"Id":"Maven-jakarta.xml.bind:jakarta.xml.bind-api-4.0.2";"Name":"jakarta.xml.bind:jakarta.xml.bind-api";"Version":"4.0.2";"IsResolved":true;"IsDevelopment":false};{"Id":"Maven-jakarta.activation:jakarta.activation-api-2.1.3";"Name":"jakarta.activation:jakarta.activation-api";"Version":"2.1.3";"IsResolved":true;"IsDevelopment":false}];[{"Id":"Maven-org.hibernate.orm:hibernate-core-6.5.2.Final";"Name":"org.hibernate.orm:hibernate-core";"Version":"6.5.2.Final";"IsResolved":true;"IsDevelopment":false};{"Id":"Maven-jakarta.xml.bind:jakarta.xml.bind-api-4.0.2";"Name":"jakarta.xml.bind:jakarta.xml.bind-api";"Version":"4.0.2";"IsResolved":true;"IsDevelopment":false};{"Id":"Maven-jakarta.activation:jakarta.activation-api-2.1.3";"Name":"jakarta.activation:jakarta.activation-api";"Version":"2.1.3";"IsResolved":true;"IsDevelopment":false}];[{"Id":"Maven-org.springframework.boot:spring-boot-starter-test-3.4.6";"Name":"org.springframework.boot:spring-boot-starter-test";"Version":"3.4.6";"IsResolved":true;"IsDevelopment":true};{"Id":"Maven-jakarta.xml.bind:jakarta.xml.bind-api-4.0.2";"Name":"jakarta.xml.bind:jakarta.xml.bind-api";"Version":"4.0.2";"IsResolved":true;"IsDevelopment":false};{"Id":"Maven-jakarta.activation:jakarta.activation-api-2.1.3";"Name":"jakarta.activation:jakarta.activation-api";"Version":"2.1.3";"IsResolved":true;"IsDevelopment":false}]],,,,,"Monitored",,,,
"Maven-jakarta.annotation:jakarta.annotation-api-2.1.1","jakarta.annotation:jakarta.annotation-api","2.1.1",,"SonaType","No",[],"Copyright (c) 2012, 2022 Oracle and/or its affiliates. All rights reserved.;Copyright (c) 2005, 2020 Oracle and/or its affiliates. All rights reserved.;Copyright (c) 2009, 2022 Oracle and/or its affiliates. All rights reserved.;Copyright (c) 2021 Oracle and/or its affiliates. All rights reserved.;Copyright (c) 2018, 2020 Oracle and/or its affiliates. All rights reserved.;Copyright (c) 2009, 2020 Oracle and/or its affiliates. All rights reserved.","Filename",0,0,0,0,0,8,2024-02-15T14:43:36.000Z,"3.0.0",True,2022-06-14T11:30:18.000Z,0,"NONE",["pom.xml"],"Maven",False,False,False,False,False,False,"Potentially","Transitive",0,False,[[{"Id":"Maven-net.devh:grpc-client-spring-boot-starter-3.1.0.RELEASE";"Name":"net.devh:grpc-client-spring-boot-starter";"Version":"3.1.0.RELEASE";"IsResolved":true;"IsDevelopment":false};{"Id":"Maven-org.springframework.boot:spring-boot-starter-3.4.6";"Name":"org.springframework.boot:spring-boot-starter";"Version":"3.4.6";"IsResolved":true;"IsDevelopment":true};{"Id":"Maven-jakarta.annotation:jakarta.annotation-api-2.1.1";"Name":"jakarta.annotation:jakarta.annotation-api";"Version":"2.1.1";"IsResolved":true;"IsDevelopment":true}];[{"Id":"Maven-net.devh:grpc-server-spring-boot-starter-3.1.0.RELEASE";"Name":"net.devh:grpc-server-spring-boot-starter";"Version":"3.1.0.RELEASE";"IsResolved":true;"IsDevelopment":false};{"Id":"Maven-org.springframework.boot:spring-boot-starter-3.4.6";"Name":"org.springframework.boot:spring-boot-starter";"Version":"3.4.6";"IsResolved":true;"IsDevelopment":true};{"Id":"Maven-jakarta.annotation:jakarta.annotation-api-2.1.1";"Name":"jakarta.annotation:jakarta.annotation-api";"Version":"2.1.1";"IsResolved":true;"IsDevelopment":true}];[{"Id":"Maven-org.springframework.boot:spring-boot-starter-actuator-3.4.6";"Name":"org.springframework.boot:spring-boot-starter-actuator";"Version":"3.4.6";"IsResolved":true;"IsDevelopment":false};{"Id":"Maven-org.springframework.boot:spring-boot-starter-3.4.6";"Name":"org.springframework.boot:spring-boot-starter";"Version":"3.4.6";"IsResolved":true;"IsDevelopment":true};{"Id":"Maven-jakarta.annotation:jakarta.annotation-api-2.1.1";"Name":"jakarta.annotation:jakarta.annotation-api";"Version":"2.1.1";"IsResolved":true;"IsDevelopment":true}];[{"Id":"Maven-org.springframework.boot:spring-boot-starter-data-jpa-3.4.6";"Name":"org.springframework.boot:spring-boot-starter-data-jpa";"Version":"3.4.6";"IsResolved":true;"IsDevelopment":false};{"Id":"Maven-org.springframework.boot:spring-boot-starter-3.4.6";"Name":"org.springframework.boot:spring-boot-starter";"Version":"3.4.6";"IsResolved":true;"IsDevelopment":true};{"Id":"Maven-jakarta.annotation:jakarta.annotation-api-2.1.1";"Name":"jakarta.annotation:jakarta.annotation-api";"Version":"2.1.1";"IsResolved":true;"IsDevelopment":true}];[{"Id":"Maven-org.springframework.boot:spring-boot-starter-test-3.4.6";"Name":"org.springframework.boot:spring-boot-starter-test";"Version":"3.4.6";"IsResolved":true;"IsDevelopment":true};{"Id":"Maven-org.springframework.boot:spring-boot-starter-3.4.6";"Name":"org.springframework.boot:spring-boot-starter";"Version":"3.4.6";"IsResolved":true;"IsDevelopment":true};{"Id":"Maven-jakarta.annotation:jakarta.annotation-api-2.1.1";"Name":"jakarta.annotation:jakarta.annotation-api";"Version":"2.1.1";"IsResolved":true;"IsDevelopment":true}];[{"Id":"Maven-org.springframework.boot:spring-boot-starter-validation-3.4.6";"Name":"org.springframework.boot:spring-boot-starter-validation";"Version":"3.4.6";"IsResolved":true;"IsDevelopment":false};{"Id":"Maven-org.springframework.boot:spring-boot-starter-3.4.6";"Name":"org.springframework.boot:spring-boot-starter";"Version":"3.4.6";"IsResolved":true;"IsDevelopment":true};{"Id":"Maven-jakarta.annotation:jakarta.annotation-api-2.1.1";"Name":"jakarta.annotation:jakarta.annotation-api";"Version":"2.1.1";"IsResolved":true;"IsDevelopment":true}];[{"Id":"Maven-org.springframework.boot:spring-boot-starter-web-3.4.6";"Name":"org.springframework.boot:spring-boot-starter-web";"Version":"3.4.6";"IsResolved":true;"IsDevelopment":false};{"Id":"Maven-org.springframework.boot:spring-boot-starter-3.4.6";"Name":"org.springframework.boot:spring-boot-starter";"Version":"3.4.6";"IsResolved":true;"IsDevelopment":true};{"Id":"Maven-jakarta.annotation:jakarta.annotation-api-2.1.1";"Name":"jakarta.annotation:jakarta.annotation-api";"Version":"2.1.1";"IsResolved":true;"IsDevelopment":true}]],,,,,"Monitored",,,,
"Maven-jakarta.inject:jakarta.inject-api-2.0.1","jakarta.inject:jakarta.inject-api","2.0.1",,"SonaType","No",["Apache 2.0"],"Copyright (C) 2009 The JSR-330 Expert Group","Filename",0,0,0,0,0,6,2025-09-08T10:41:42.000Z,"2.0.1.redhat-00007",True,2021-10-16T18:56:33.000Z,0,"NONE",["pom.xml"],"Maven",False,False,False,False,False,False,"Potentially","Transitive",0,False,[[{"Id":"Maven-org.hibernate.orm:hibernate-core-6.5.2.Final";"Name":"org.hibernate.orm:hibernate-core";"Version":"6.5.2.Final";"IsResolved":true;"IsDevelopment":false};{"Id":"Maven-jakarta.inject:jakarta.inject-api-2.0.1";"Name":"jakarta.inject:jakarta.inject-api";"Version":"2.0.1";"IsResolved":true;"IsDevelopment":false}]],,,,,"Monitored",,,,
"Maven-jakarta.persistence:jakarta.persistence-api-3.1.0","jakarta.persistence:jakarta.persistence-api","3.1.0",,"SonaType","No",[],"Copyright (c) 2018, 2022 Oracle and/or its affiliates. All rights reserved.;Copyright (c) 2019 Oracle and/or its affiliates. All rights reserved. ';Copyright (c) 2008, 2020 Oracle and/or its affiliates. All rights reserved.;Copyright (c) 2011, 2020 Oracle and/or its affiliates. All rights reserved.;Copyright (c) 2013, 2020 Oracle and/or its affiliates. All rights reserved.;Copyright (c) 2008, 2021 Oracle and/or its affiliates. All rights reserved.;Copyright (c) 2008, 2022 Oracle and/or its affiliates. All rights reserved.;Copyright (c) 2017, 2020 Oracle and/or its affiliates. All rights reserved.;Copyright (c) 2021 Oracle and/or its affiliates. All rights reserved.","Filename",0,0,0,0,0,11,2026-04-22T10:12:00.000Z,"4.0.0-M2",True,2022-02-25T11:15:26.000Z,0,"NONE",["pom.xml"],"Maven",False,True,False,False,False,False,"Used","Mixed",0,False,[[{"Id":"Maven-jakarta.persistence:jakarta.persistence-api-3.1.0";"Name":"jakarta.persistence:jakarta.persistence-api";"Version":"3.1.0";"IsResolved":true;"IsDevelopment":false}];[{"Id":"Maven-org.hibernate.orm:hibernate-core-6.5.2.Final";"Name":"org.hibernate.orm:hibernate-core";"Version":"6.5.2.Final";"IsResolved":true;"IsDevelopment":false};{"Id":"Maven-jakarta.persistence:jakarta.persistence-api-3.1.0";"Name":"jakarta.persistence:jakarta.persistence-api";"Version":"3.1.0";"IsResolved":true;"IsDevelopment":false}]],,,,,"Monitored",,,,
"Maven-jakarta.transaction:jakarta.transaction-api-2.0.1","jakarta.transaction:jakarta.transaction-api","2.0.1",,"SonaType","No",[],"Copyright (c) 2012, 2020 Oracle and/or its affiliates. All rights reserved.;Copyright (c) 1997, 2020 Oracle and/or its affiliates. All rights reserved.;Copyright (c) 2013, 2020 Oracle and/or its affiliates. All rights reserved.","Filename",0,0,0,0,0,4,2024-02-06T11:29:43.000Z,"2.0.1.redhat-00004",True,2022-03-31T10:37:39.000Z,0,"NONE",["pom.xml"],"Maven",False,False,False,False,False,False,"Potentially","Transitive",0,False,[[{"Id":"Maven-org.hibernate.orm:hibernate-core-6.5.2.Final";"Name":"org.hibernate.orm:hibernate-core";"Version":"6.5.2.Final";"IsResolved":true;"IsDevelopment":false};{"Id":"Maven-jakarta.transaction:jakarta.transaction-api-2.0.1";"Name":"jakarta.transaction:jakarta.transaction-api";"Version":"2.0.1";"IsResolved":true;"IsDevelopment":false}]],,,,,"Monitored",,,,
"Maven-jakarta.validation:jakarta.validation-api-3.0.2","jakarta.validation:jakarta.validation-api","3.0.2",,"SonaType","No",["Apache 2.0"],,"Filename",0,0,0,0,0,10,2025-10-22T20:17:00.000Z,"4.0.0-M1",True,2022-05-26T18:01:39.000Z,0,"NONE",["pom.xml"],"Maven",False,False,False,False,False,False,"Used","Transitive",0,False,[[{"Id":"Maven-net.devh:grpc-client-spring-boot-starter-3.1.0.RELEASE";"Name":"net.devh:grpc-client-spring-boot-starter";"Version":"3.1.0.RELEASE";"IsResolved":true;"IsDevelopment":false};{"Id":"Maven-jakarta.validation:jakarta.validation-api-3.0.2";"Name":"jakarta.validation:jakarta.validation-api";"Version":"3.0.2";"IsResolved":true;"IsDevelopment":false}];[{"Id":"Maven-org.springframework.boot:spring-boot-starter-validation-3.4.6";"Name":"org.springframework.boot:spring-boot-starter-validation";"Version":"3.4.6";"IsResolved":true;"IsDevelopment":false};{"Id":"Maven-org.hibernate.validator:hibernate-validator-8.0.2.Final";"Name":"org.hibernate.validator:hibernate-validator";"Version":"8.0.2.Final";"IsResolved":true;"IsDevelopment":false};{"Id":"Maven-jakarta.validation:jakarta.validation-api-3.0.2";"Name":"jakarta.validation:jakarta.validation-api";"Version":"3.0.2";"IsResolved":true;"IsDevelopment":false}]],,,,,"Monitored",,,,
"Maven-jakarta.xml.bind:jakarta.xml.bind-api-4.0.2","jakarta.xml.bind:jakarta.xml.bind-api","4.0.2",,"SonaType","No",[],"Copyright (c) 2018, 2023 Oracle and/or its affiliates. All rights reserved.;Copyright (c) 2017, 2018 Oracle and/or its affiliates. All rights reserved.;Copyright (c) 2005, 2024 Oracle and/or its affiliates. All rights reserved.;Copyright (c) 2003, 2024 Oracle and/or its affiliates. All rights reserved.;Copyright (c) 2006, 2021 Oracle and/or its affiliates. All rights reserved.;Copyright (c) 2007, 2024 Oracle and/or its affiliates. All rights reserved.;Copyright (c) 2006, 2024 Oracle and/or its affiliates. All rights reserved.;Copyright (c) 2015, 2024 Oracle and/or its affiliates. All rights reserved.;Copyright (c) 2004, 2024 Oracle and/or its affiliates. All rights reserved.;Copyright (c) 2003, 2021 Oracle and/or its affiliates. All rights reserved.;Copyright (c) 2007, 2021 Oracle and/or its affiliates. All rights reserved.;Copyright (c) 2017, 2024 Oracle and/or its affiliates. All rights reserved.;Copyright (c) 2004, 2021 Oracle and/or its affiliates. All rights reserved.;Copyright (c) 2005, 2021 Oracle and/or its affiliates. All rights reserved.;Copyright (c) 2005, 2023 Oracle and/or its affiliates. All rights reserved.","Filename",0,0,0,0,0,3,2026-02-06T09:38:00.000Z,"4.0.5",True,2024-02-19T09:42:14.000Z,0,"NONE",["pom.xml"],"Maven",False,False,False,False,False,False,"Potentially","Transitive",0,False,[[{"Id":"Maven-io.hypersistence:hypersistence-utils-hibernate-63-3.8.2";"Name":"io.hypersistence:hypersistence-utils-hibernate-63";"Version":"3.8.2";"IsResolved":true;"IsDevelopment":false};{"Id":"Maven-jakarta.xml.bind:jakarta.xml.bind-api-4.0.2";"Name":"jakarta.xml.bind:jakarta.xml.bind-api";"Version":"4.0.2";"IsResolved":true;"IsDevelopment":false}];[{"Id":"Maven-org.hibernate.orm:hibernate-core-6.5.2.Final";"Name":"org.hibernate.orm:hibernate-core";"Version":"6.5.2.Final";"IsResolved":true;"IsDevelopment":false};{"Id":"Maven-jakarta.xml.bind:jakarta.xml.bind-api-4.0.2";"Name":"jakarta.xml.bind:jakarta.xml.bind-api";"Version":"4.0.2";"IsResolved":true;"IsDevelopment":false}];[{"Id":"Maven-org.springframework.boot:spring-boot-starter-test-3.4.6";"Name":"org.springframework.boot:spring-boot-starter-test";"Version":"3.4.6";"IsResolved":true;"IsDevelopment":true};{"Id":"Maven-jakarta.xml.bind:jakarta.xml.bind-api-4.0.2";"Name":"jakarta.xml.bind:jakarta.xml.bind-api";"Version":"4.0.2";"IsResolved":true;"IsDevelopment":false}]],,,,,"Monitored",,,,
"Maven-junit:junit-4.13.1","junit:junit","4.13.1",,"SonaType","No",["Eclipse 1.0"],,"Filename",0,0,0,0,0,4,2021-02-13T16:31:54.000Z,"4.13.2",True,2020-10-11T15:19:50.000Z,0,"NONE",["pom.xml"],"Maven",False,True,True,False,False,False,"Used","Direct",0,False,[],,,,,"Monitored",,,,
"Maven-net.bytebuddy:byte-buddy-1.15.11","net.bytebuddy:byte-buddy","1.15.11",,"SonaType","No",["Apache 2.0"],"Copyright 2014 - Present Rafael Winterhalter;Copyright (c) 2000-2011 INRIA, France Telecom// All rights reserved.","Filename",0,0,0,0,0,25,2026-03-31T23:01:00.000Z,"1.18.8",True,2024-12-15T09:09:29.000Z,0,"NONE",["pom.xml"],"Maven",False,False,False,False,False,False,"Potentially","Transitive",0,False,[[{"Id":"Maven-org.hibernate.orm:hibernate-core-6.5.2.Final";"Name":"org.hibernate.orm:hibernate-core";"Version":"6.5.2.Final";"IsResolved":true;"IsDevelopment":false};{"Id":"Maven-net.bytebuddy:byte-buddy-1.15.11";"Name":"net.bytebuddy:byte-buddy";"Version":"1.15.11";"IsResolved":true;"IsDevelopment":false}];[{"Id":"Maven-org.springframework.boot:spring-boot-starter-test-3.4.6";"Name":"org.springframework.boot:spring-boot-starter-test";"Version":"3.4.6";"IsResolved":true;"IsDevelopment":true};{"Id":"Maven-org.assertj:assertj-core-3.27.7";"Name":"org.assertj:assertj-core";"Version":"3.27.7";"IsResolved":true;"IsDevelopment":true};{"Id":"Maven-net.bytebuddy:byte-buddy-1.15.11";"Name":"net.bytebuddy:byte-buddy";"Version":"1.15.11";"IsResolved":true;"IsDevelopment":false}]],,,,,"Monitored",,,,
"Maven-net.bytebuddy:byte-buddy-agent-1.15.11","net.bytebuddy:byte-buddy-agent","1.15.11",,"SonaType","No",["Apache 2.0"],"Copyright 2014 - Present Rafael Winterhalter","Filename",0,0,0,0,0,24,2026-03-31T23:01:00.000Z,"1.18.8",True,2024-12-15T09:09:26.000Z,0,"NONE",["pom.xml"],"Maven",False,False,True,False,False,False,"Potentially","Transitive",0,False,[[{"Id":"Maven-org.springframework.boot:spring-boot-starter-test-3.4.6";"Name":"org.springframework.boot:spring-boot-starter-test";"Version":"3.4.6";"IsResolved":true;"IsDevelopment":true};{"Id":"Maven-org.mockito:mockito-core-5.14.2";"Name":"org.mockito:mockito-core";"Version":"5.14.2";"IsResolved":true;"IsDevelopment":true};{"Id":"Maven-net.bytebuddy:byte-buddy-agent-1.15.11";"Name":"net.bytebuddy:byte-buddy-agent";"Version":"1.15.11";"IsResolved":true;"IsDevelopment":true}]],,,,,"Monitored",,,,
"Maven-net.devh:grpc-client-spring-boot-starter-3.1.0.RELEASE","net.devh:grpc-client-spring-boot-starter","3.1.0.RELEASE",,"SonaType","No",["Apache 2.0"],"Copyright (c) 2016-2021 Michael Zhang <yidongnan@gmail.com>;Copyright (c) 2016-2023 The gRPC-Spring Authors","Filename",0,0,0,0,0,0,,,False,2024-04-14T12:28:24.816Z,0,"NONE",["pom.xml"],"Maven",False,True,False,False,False,False,"Used","Direct",0,False,[],,,,,"Monitored",,,,
"Maven-net.devh:grpc-common-spring-boot-3.1.0.RELEASE","net.devh:grpc-common-spring-boot","3.1.0.RELEASE",,"SonaType","No",["Apache 2.0"],"Copyright (c) 2016-2021 Michael Zhang <yidongnan@gmail.com>;Copyright (c) 2016-2023 The gRPC-Spring Authors;Copyright 2002-2022 the original author or authors.","Filename",0,0,0,0,0,0,,,False,2024-04-14T12:28:33.669Z,0,"NONE",["pom.xml"],"Maven",False,False,False,False,False,False,"Potentially","Transitive",0,False,[[{"Id":"Maven-net.devh:grpc-client-spring-boot-starter-3.1.0.RELEASE";"Name":"net.devh:grpc-client-spring-boot-starter";"Version":"3.1.0.RELEASE";"IsResolved":true;"IsDevelopment":false};{"Id":"Maven-net.devh:grpc-common-spring-boot-3.1.0.RELEASE";"Name":"net.devh:grpc-common-spring-boot";"Version":"3.1.0.RELEASE";"IsResolved":true;"IsDevelopment":false}];[{"Id":"Maven-net.devh:grpc-server-spring-boot-starter-3.1.0.RELEASE";"Name":"net.devh:grpc-server-spring-boot-starter";"Version":"3.1.0.RELEASE";"IsResolved":true;"IsDevelopment":false};{"Id":"Maven-net.devh:grpc-common-spring-boot-3.1.0.RELEASE";"Name":"net.devh:grpc-common-spring-boot";"Version":"3.1.0.RELEASE";"IsResolved":true;"IsDevelopment":false}]],,,,,"Monitored",,,,
"Maven-net.devh:grpc-server-spring-boot-starter-3.1.0.RELEASE","net.devh:grpc-server-spring-boot-starter","3.1.0.RELEASE",,"SonaType","No",["Apache 2.0"],"Copyright (c) 2016-2021 Michael Zhang <yidongnan@gmail.com>;Copyright (c) 2016-2023 The gRPC-Spring Authors","Filename",0,0,0,0,0,0,,,False,2024-04-14T12:28:42.711Z,0,"NONE",["pom.xml"],"Maven",False,True,False,False,False,False,"Unused","Direct",0,False,[],,,,,"Monitored",,,,
"Maven-net.minidev:accessors-smart-2.5.2","net.minidev:accessors-smart","2.5.2",,"SonaType","No",["Apache 2.0"],"Copyright 2011-2024 JSON-SMART authors","Filename",0,0,0,0,0,2,2025-08-02T21:05:00.000Z,"2.6.0",True,2025-02-12T04:39:28.000Z,0,"NONE",["pom.xml"],"Maven",False,False,False,False,False,False,"Unused","Transitive",0,False,[[{"Id":"Maven-net.minidev:json-smart-2.5.2";"Name":"net.minidev:json-smart";"Version":"2.5.2";"IsResolved":true;"IsDevelopment":false};{"Id":"Maven-net.minidev:accessors-smart-2.5.2";"Name":"net.minidev:accessors-smart";"Version":"2.5.2";"IsResolved":true;"IsDevelopment":false}]],,,,,"Monitored",,,,
"Maven-net.minidev:json-smart-2.5.2","net.minidev:json-smart","2.5.2",,"SonaType","No",["Apache 2.0"],"Copyright 2011-2024 JSON-SMART authors","Filename",0,0,0,0,0,2,2025-08-02T21:31:00.000Z,"2.6.0",True,2025-02-12T04:39:56.000Z,0,"NONE",["pom.xml"],"Maven",False,True,False,False,False,False,"Unused","Direct",0,False,[],,,,,"Monitored",,,,
"Maven-org.antlr:antlr4-runtime-4.13.0","org.antlr:antlr4-runtime","4.13.0",,"SonaType","No",["BSD 3"],"Copyright (c) 2012-2017 The ANTLR Project. All rights reserved.","Filename",0,0,0,0,0,3,2024-08-03T18:44:36.026Z,"4.13.2",True,2023-05-21T17:28:37.000Z,0,"NONE",["pom.xml"],"Maven",False,False,False,False,False,False,"Used","Transitive",0,False,[[{"Id":"Maven-org.hibernate.orm:hibernate-core-6.5.2.Final";"Name":"org.hibernate.orm:hibernate-core";"Version":"6.5.2.Final";"IsResolved":true;"IsDevelopment":false};{"Id":"Maven-org.antlr:antlr4-runtime-4.13.0";"Name":"org.antlr:antlr4-runtime";"Version":"4.13.0";"IsResolved":true;"IsDevelopment":false}]],,,,,"Monitored",,,,
"Maven-org.apache.commons:commons-lang3-3.18.0","org.apache.commons:commons-lang3","3.18.0",,"SonaType","No",["Apache 2.0"],"Copyright 2001-2025 The Apache Software Foundation","Filename",0,0,0,0,0,3,2025-11-12T20:08:07.000Z,"3.20.0",True,2025-07-06T17:43:05.000Z,0,"NONE",["pom.xml"],"Maven",False,True,False,False,False,False,"Used","Direct",0,False,[],,,,,"Monitored",,,,
"Maven-org.apache.httpcomponents:httpclient-4.5.13","org.apache.httpcomponents:httpclient","4.5.13",,"SonaType","No",["Apache 2.0"],"Copyright 1999-2025 The Apache Software Foundation;Copyright 1999-2020 The Apache Software Foundation","Filename",0,0,0,0,0,17,2022-11-30T18:40:54.000Z,"4.5.14",True,2020-10-03T14:47:41.000Z,0,"NONE",["pom.xml"],"Maven",False,True,False,False,False,False,"Unused","Direct",0,False,[],,,,,"Monitored",,,,
"Maven-org.apache.httpcomponents:httpcore-4.4.16","org.apache.httpcomponents:httpcore","4.4.16",,"SonaType","No",["Apache 2.0"],"Copyright (C) 2016 Gary Gregory. All rights reserved.;Copyright 2005-2022 The Apache Software Foundation","Filename",0,0,0,0,0,8,2025-09-09T03:52:58.000Z,"4.4.16.redhat-00011",True,2022-11-26T09:45:01.000Z,0,"NONE",["pom.xml"],"Maven",False,False,False,False,False,False,"Unused","Transitive",0,False,[[{"Id":"Maven-org.apache.httpcomponents:httpclient-4.5.13";"Name":"org.apache.httpcomponents:httpclient";"Version":"4.5.13";"IsResolved":true;"IsDevelopment":false};{"Id":"Maven-org.apache.httpcomponents:httpcore-4.4.16";"Name":"org.apache.httpcomponents:httpcore";"Version":"4.4.16";"IsResolved":true;"IsDevelopment":false}]],,,,,"Monitored",,,,
"Maven-org.apache.tomcat.embed:tomcat-embed-core-10.1.54","org.apache.tomcat.embed:tomcat-embed-core","10.1.54",,"SonaType","No",["Apache 2.0"],"Copyright 1999-2026 The Apache Software Foundation","Filename",0,0,0,0,0,0,,,False,2026-03-30T22:40:00.000Z,0,"NONE",["pom.xml"],"Maven",False,False,False,False,False,False,"Unused","Transitive",0,False,[[{"Id":"Maven-org.springframework.boot:spring-boot-starter-web-3.4.6";"Name":"org.springframework.boot:spring-boot-starter-web";"Version":"3.4.6";"IsResolved":true;"IsDevelopment":false};{"Id":"Maven-org.springframework.boot:spring-boot-starter-tomcat-3.4.6";"Name":"org.springframework.boot:spring-boot-starter-tomcat";"Version":"3.4.6";"IsResolved":true;"IsDevelopment":false};{"Id":"Maven-org.apache.tomcat.embed:tomcat-embed-core-10.1.54";"Name":"org.apache.tomcat.embed:tomcat-embed-core";"Version":"10.1.54";"IsResolved":true;"IsDevelopment":false}]],,,,,"Monitored",,,,
"Maven-org.apache.tomcat.embed:tomcat-embed-el-10.1.41","org.apache.tomcat.embed:tomcat-embed-el","10.1.41",,"SonaType","No",["Apache 2.0"],"Copyright 1999-2025 The Apache Software Foundation","Filename",0,0,0,0,0,25,2026-03-30T15:30:00.000Z,"11.0.21",True,2025-05-08T12:52:50.000Z,0,"NONE",["pom.xml"],"Maven",False,False,False,False,False,False,"Unused","Transitive",0,False,[[{"Id":"Maven-org.springframework.boot:spring-boot-starter-validation-3.4.6";"Name":"org.springframework.boot:spring-boot-starter-validation";"Version":"3.4.6";"IsResolved":true;"IsDevelopment":false};{"Id":"Maven-org.apache.tomcat.embed:tomcat-embed-el-10.1.41";"Name":"org.apache.tomcat.embed:tomcat-embed-el";"Version":"10.1.41";"IsResolved":true;"IsDevelopment":false}];[{"Id":"Maven-org.springframework.boot:spring-boot-starter-web-3.4.6";"Name":"org.springframework.boot:spring-boot-starter-web";"Version":"3.4.6";"IsResolved":true;"IsDevelopment":false};{"Id":"Maven-org.springframework.boot:spring-boot-starter-tomcat-3.4.6";"Name":"org.springframework.boot:spring-boot-starter-tomcat";"Version":"3.4.6";"IsResolved":true;"IsDevelopment":false};{"Id":"Maven-org.apache.tomcat.embed:tomcat-embed-el-10.1.41";"Name":"org.apache.tomcat.embed:tomcat-embed-el";"Version":"10.1.41";"IsResolved":true;"IsDevelopment":false}]],,,,,"Monitored",,,,
"Maven-org.apache.tomcat.embed:tomcat-embed-websocket-10.1.41","org.apache.tomcat.embed:tomcat-embed-websocket","10.1.41",,"SonaType","No",["Apache 2.0"],"Copyright 1999-2025 The Apache Software Foundation","Filename",0,0,0,0,0,25,2026-03-30T15:31:00.000Z,"11.0.21",True,2025-05-08T12:52:57.000Z,0,"NONE",["pom.xml"],"Maven",False,False,False,False,False,False,"Unused","Transitive",0,False,[[{"Id":"Maven-org.springframework.boot:spring-boot-starter-web-3.4.6";"Name":"org.springframework.boot:spring-boot-starter-web";"Version":"3.4.6";"IsResolved":true;"IsDevelopment":false};{"Id":"Maven-org.springframework.boot:spring-boot-starter-tomcat-3.4.6";"Name":"org.springframework.boot:spring-boot-starter-tomcat";"Version":"3.4.6";"IsResolved":true;"IsDevelopment":false};{"Id":"Maven-org.apache.tomcat.embed:tomcat-embed-websocket-10.1.41";"Name":"org.apache.tomcat.embed:tomcat-embed-websocket";"Version":"10.1.41";"IsResolved":true;"IsDevelopment":false}]],,,,,"Monitored",,,,
"Maven-org.apiguardian:apiguardian-api-1.1.2","org.apiguardian:apiguardian-api","1.1.2",,"SonaType","No",["Apache 2.0"],"Copyright 2016-2024 the original author or authors.;Copyright 2002-2017 the original author or authors.","Filename",0,0,0,0,0,0,,,False,2021-06-27T12:53:35.000Z,0,"NONE",["pom.xml"],"Maven",False,False,True,False,False,False,"Potentially","Transitive",0,False,[[{"Id":"Maven-io.cucumber:cucumber-java-7.18.0";"Name":"io.cucumber:cucumber-java";"Version":"7.18.0";"IsResolved":true;"IsDevelopment":true};{"Id":"Maven-org.apiguardian:apiguardian-api-1.1.2";"Name":"org.apiguardian:apiguardian-api";"Version":"1.1.2";"IsResolved":true;"IsDevelopment":true}];[{"Id":"Maven-io.cucumber:cucumber-junit-7.18.0";"Name":"io.cucumber:cucumber-junit";"Version":"7.18.0";"IsResolved":true;"IsDevelopment":true};{"Id":"Maven-org.apiguardian:apiguardian-api-1.1.2";"Name":"org.apiguardian:apiguardian-api";"Version":"1.1.2";"IsResolved":true;"IsDevelopment":true}];[{"Id":"Maven-io.cucumber:cucumber-junit-platform-engine-7.18.0";"Name":"io.cucumber:cucumber-junit-platform-engine";"Version":"7.18.0";"IsResolved":true;"IsDevelopment":true};{"Id":"Maven-io.cucumber:cucumber-core-7.18.0";"Name":"io.cucumber:cucumber-core";"Version":"7.18.0";"IsResolved":true;"IsDevelopment":true};{"Id":"Maven-org.apiguardian:apiguardian-api-1.1.2";"Name":"org.apiguardian:apiguardian-api";"Version":"1.1.2";"IsResolved":true;"IsDevelopment":true}];[{"Id":"Maven-io.cucumber:cucumber-spring-7.18.0";"Name":"io.cucumber:cucumber-spring";"Version":"7.18.0";"IsResolved":true;"IsDevelopment":true};{"Id":"Maven-org.apiguardian:apiguardian-api-1.1.2";"Name":"org.apiguardian:apiguardian-api";"Version":"1.1.2";"IsResolved":true;"IsDevelopment":true}];[{"Id":"Maven-org.springframework.boot:spring-boot-starter-test-3.4.6";"Name":"org.springframework.boot:spring-boot-starter-test";"Version":"3.4.6";"IsResolved":true;"IsDevelopment":true};{"Id":"Maven-org.junit.jupiter:junit-jupiter-5.11.4";"Name":"org.junit.jupiter:junit-jupiter";"Version":"5.11.4";"IsResolved":true;"IsDevelopment":true};{"Id":"Maven-org.junit.jupiter:junit-jupiter-api-5.11.4";"Name":"org.junit.jupiter:junit-jupiter-api";"Version":"5.11.4";"IsResolved":true;"IsDevelopment":true};{"Id":"Maven-org.apiguardian:apiguardian-api-1.1.2";"Name":"org.apiguardian:apiguardian-api";"Version":"1.1.2";"IsResolved":true;"IsDevelopment":true}]],,,,,"Monitored",,,,
"Maven-org.aspectj:aspectjweaver-1.9.24","org.aspectj:aspectjweaver","1.9.24",,"SonaType","No",["Eclipse 2.0"],"Copyright (c) 2012 Contributors. All rights reserved.;Copyright (c) 2002 Palo Alto Research Center, Incorporated (PARC). All rights reserved.;Copyright (c) 2011 Contributors. All rights reserved.;Copyright (c) 1999-2001 Xerox Corporation,;Copyright (c) 2004 IBM Corporation All rights reserved.;Copyright (c) 2006 Contributors. All rights reserved.;Copyright (c) 2005 IBM All rights reserved.;Copyright (c) 2006 IBM Corporation and others. All rights reserved.;Copyright (c) 2008 Contributors All rights reserved.;Copyright (c) 2004 IBM Corporation. All rights reserved.;Copyright (c) 2002, 2010 Contributors All rights reserved.;Copyright (c) 2004 Contributors All rights reserved.;Copyright (c) 2002 Contributors All rights reserved.;Copyright (c) 2004 IBM Corporation and others. All rights reserved.;Copyright (c) 2002-2010 Contributors All rights reserved.;Copyright (c) 2001 The Apache Software Foundation. All rights;Copyright (c) 2013 VMware All rights reserved.;Copyright (c) 2005, 2017 Contributors. All rights reserved.;Copyright (c) 2000-2011 INRIA, France Telecom// All rights reserved.;Copyright (c) 2005-2012 Contributors. All rights reserved.;Copyright (c) 2003,2010 Contributors. All rights reserved.;Copyright (c) 2007 Contributors All rights reserved.;Copyright (c) 2002-2019 Contributors All rights reserved.;Copyright (c) 2006 Contributors All rights reserved.;Copyright (c) 2002, 2010 Palo Alto Research Center, Incorporated (PARC) and others. All rights reserved.;Copyright (c) 2002-2019 Palo Alto Research Center, Incorporated (PARC). All rights reserved.;Copyright (c) 2004 IBM All rights reserved.;Copyright (c) 2004, 2013 IBM, VMware All rights reserved.;Copyright (c) 2005-2017 Contributors. All rights reserved.;Copyright (c) 2003 Contributors. All rights reserved.;Copyright (c) 2010 Contributors All rights reserved.;Copyright (c) 2016-17 The Apache Software Foundation. All rights;Copyright (c) 2014 Contributors. All rights reserved.;Copyright (c) 1998-2001 Xerox Corporation,;Copyright (c) 2009 Contributors All rights reserved.;Copyright (c) 2002,2010 All rights reserved.;Copyright (c) 2002-2009 Contributors All rights reserved.;Copyright (c) 2002-2006 Contributors All rights reserved.;Copyright (c) 2004, 2013 IBM Corporation All rights reserved.;Copyright (c) 2017 The Apache Software Foundation. All rights;Copyright (c) 2005,2018 Contributors. All rights reserved.;Copyright (c) 2008, 2018 Contributors All rights reserved.;Copyright (c) 2005 IBM Corporation All rights reserved.;Copyright (c) 2002-2010 All rights reserved.;Copyright (c) 2011 Contributors All rights reserved.;Copyright (c) 2005-2008 Contributors All rights reserved.;Copyright (c) 2009 Contributors. All rights reserved.;Copyright (c) 2003,2010 Contributors All rights reserved.;Copyright (c) 2004-2019 Contributors All rights reserved.;Copyright (c) 2002,2005 Contributors All rights reserved.;Copyright (c) 2012 VMware, Inc. custard All rights reserved.;Copyright (c) 2013 Contributors. All rights reserved.;Copyright (c) 2005-2008 Contributors. All rights reserved.;Copyright (c) 2006 IBM All rights reserved.;Copyright (c) 2005-2010 Contributors. All rights reserved.;Copyright (c) 2005-2010 Contributors All rights reserved.;Copyright (c) 2002, 2017 Contributors All rights reserved.;Copyright (c) 2008 Contributors. All rights reserved.;Copyright (c) 2004, 2017 Contributors All rights reserved.;Copyright (c) 2002, 2010 Palo Alto Research Center, Incorporated (PARC). All rights reserved.;Copyright (c) 2010 SpringSource, Contributors All rights reserved.;Copyright (c) 2000, 2003 IBM Corporation and others. All rights reserved.;Copyright (c) 2017 Contributors All rights reserved.;Copyright (c) 2003 Palo Alto Research Center, Incorporated (PARC). All rights reserved.;Copyright (c) 2005 Contributors All rights reserved.;Copyright (c) 2010 Contributors. All rights reserved.;Copyright (c) 2005 Contributors. All rights reserved.;Copyright (c) 2004,2010 Contributors All rights reserved.;Copyright (c) 2019 Contributors All rights reserved.;Copyright (c) 2006-2008 Contributors All rights reserved.;Copyright (c) 2018 Contributors All rights reserved.;Copyright (c) 2005 IBM, Contributors. All rights reserved.;Copyright (c) 2001, 2017 The Apache Software Foundation. All rights","Filename",0,0,0,0,0,2,2025-11-04T03:17:00.000Z,"1.9.25",True,2025-04-11T22:49:20.173Z,0,"NONE",["pom.xml"],"Maven",False,False,False,False,False,False,"Unused","Transitive",0,False,[[{"Id":"Maven-org.springframework.boot:spring-boot-starter-data-jpa-3.4.6";"Name":"org.springframework.boot:spring-boot-starter-data-jpa";"Version":"3.4.6";"IsResolved":true;"IsDevelopment":false};{"Id":"Maven-org.springframework:spring-aspects-6.2.7";"Name":"org.springframework:spring-aspects";"Version":"6.2.7";"IsResolved":true;"IsDevelopment":false};{"Id":"Maven-org.aspectj:aspectjweaver-1.9.24";"Name":"org.aspectj:aspectjweaver";"Version":"1.9.24";"IsResolved":true;"IsDevelopment":false}]],,,,,"Monitored",,,,
"Maven-org.assertj:assertj-core-3.27.7","org.assertj:assertj-core","3.27.7",,"SonaType","No",["Apache 2.0"],"Copyright 2012-2025 the original author or authors.;Copyright 2012-2026 the original author or authors.","Filename",0,0,0,0,0,0,,,False,2026-01-24T19:07:00.000Z,0,"NONE",["pom.xml"],"Maven",False,False,True,False,False,False,"Unused","Transitive",0,False,[[{"Id":"Maven-org.springframework.boot:spring-boot-starter-test-3.4.6";"Name":"org.springframework.boot:spring-boot-starter-test";"Version":"3.4.6";"IsResolved":true;"IsDevelopment":true};{"Id":"Maven-org.assertj:assertj-core-3.27.7";"Name":"org.assertj:assertj-core";"Version":"3.27.7";"IsResolved":true;"IsDevelopment":true}]],,,,,"Monitored",,,,
"Maven-org.awaitility:awaitility-4.2.2","org.awaitility:awaitility","4.2.2",,"SonaType","No",["Apache 2.0"],"Copyright 2015 the original author or authors. Licensed under;Copyright 2019 the original author or authors.;Copyright 2015 the original author or authors.;Copyright 2014 the original author or authors.;Copyright 2010 the original author or authors.;Copyright 2018 the original author or authors.;Copyright 2022 the original author or authors.;Copyright (C) 2011 The Guava Authors;Copyright (C) 2007 Google Inc.;Copyright 2010 PowerMock original author or authors.;Copyright 2017 the original author or authors.;Copyright 2009 the original author or authors.;Copyright 2008 the original author or authors.;Copyright 2016 the original author or authors.","Filename",0,0,0,0,0,4,2025-02-21T12:37:22.679Z,"4.3.0",True,2024-08-07T08:30:21.946Z,0,"NONE",["pom.xml"],"Maven",False,False,True,False,False,False,"Unused","Transitive",0,False,[[{"Id":"Maven-org.springframework.boot:spring-boot-starter-test-3.4.6";"Name":"org.springframework.boot:spring-boot-starter-test";"Version":"3.4.6";"IsResolved":true;"IsDevelopment":true};{"Id":"Maven-org.awaitility:awaitility-4.2.2";"Name":"org.awaitility:awaitility";"Version":"4.2.2";"IsResolved":true;"IsDevelopment":true}]],,,,,"Monitored",,,,
"Maven-org.checkerframework:checker-qual-3.42.0","org.checkerframework:checker-qual","3.42.0",,"SonaType","No",["MIT"],"Copyright 2004-present by the Checker Framework developers","Filename",0,0,0,0,0,32,2026-04-07T22:51:00.000Z,"4.0.0",True,2023-12-15T23:05:38.360Z,0,"NONE",["pom.xml"],"Maven",False,False,False,False,False,False,"Unused","Transitive",0,False,[[{"Id":"Maven-org.postgresql:postgresql-42.7.3";"Name":"org.postgresql:postgresql";"Version":"42.7.3";"IsResolved":true;"IsDevelopment":false};{"Id":"Maven-org.checkerframework:checker-qual-3.42.0";"Name":"org.checkerframework:checker-qual";"Version":"3.42.0";"IsResolved":true;"IsDevelopment":false}]],,,,,"Monitored",,,,
"Maven-org.codehaus.mojo:animal-sniffer-annotations-1.24","org.codehaus.mojo:animal-sniffer-annotations","1.24",,"SonaType","No",["MIT"],"Copyright (c) 2009 codehaus.org.","Filename",0,0,0,0,0,3,2026-01-18T21:31:00.000Z,"1.27",True,2024-07-04T13:54:02.793Z,0,"NONE",["pom.xml"],"Maven",False,False,False,False,False,False,"Potentially","Transitive",0,False,[[{"Id":"Maven-io.grpc:grpc-stub-1.76.0";"Name":"io.grpc:grpc-stub";"Version":"1.76.0";"IsResolved":true;"IsDevelopment":false};{"Id":"Maven-org.codehaus.mojo:animal-sniffer-annotations-1.24";"Name":"org.codehaus.mojo:animal-sniffer-annotations";"Version":"1.24";"IsResolved":true;"IsDevelopment":false}];[{"Id":"Maven-net.devh:grpc-client-spring-boot-starter-3.1.0.RELEASE";"Name":"net.devh:grpc-client-spring-boot-starter";"Version":"3.1.0.RELEASE";"IsResolved":true;"IsDevelopment":false};{"Id":"Maven-io.grpc:grpc-netty-shaded-1.76.0";"Name":"io.grpc:grpc-netty-shaded";"Version":"1.76.0";"IsResolved":true;"IsDevelopment":false};{"Id":"Maven-org.codehaus.mojo:animal-sniffer-annotations-1.24";"Name":"org.codehaus.mojo:animal-sniffer-annotations";"Version":"1.24";"IsResolved":true;"IsDevelopment":false}];[{"Id":"Maven-net.devh:grpc-server-spring-boot-starter-3.1.0.RELEASE";"Name":"net.devh:grpc-server-spring-boot-starter";"Version":"3.1.0.RELEASE";"IsResolved":true;"IsDevelopment":false};{"Id":"Maven-io.grpc:grpc-netty-shaded-1.76.0";"Name":"io.grpc:grpc-netty-shaded";"Version":"1.76.0";"IsResolved":true;"IsDevelopment":false};{"Id":"Maven-org.codehaus.mojo:animal-sniffer-annotations-1.24";"Name":"org.codehaus.mojo:animal-sniffer-annotations";"Version":"1.24";"IsResolved":true;"IsDevelopment":false}]],,,,,"Monitored",,,,
"Maven-org.eclipse.angus:angus-activation-2.0.0","org.eclipse.angus:angus-activation","2.0.0",,"SonaType","No",[],"Copyright (c) 2021, 2023 Oracle and/or its affiliates. All rights reserved.;Copyright (c) 2018 Oracle and/or its affiliates. All rights reserved.;Copyright (c) 1997, 2023 Oracle and/or its affiliates. All rights reserved.;Copyright (c) 2022, 2023 Oracle and/or its affiliates. All rights reserved.","Filename",0,0,0,0,0,13,2025-09-11T12:42:00.000Z,"2.1.0-M1",True,2023-01-11T12:06:21.000Z,0,"NONE",["pom.xml"],"Maven",False,False,False,False,False,False,"Potentially","Transitive",0,False,[[{"Id":"Maven-org.hibernate.orm:hibernate-core-6.5.2.Final";"Name":"org.hibernate.orm:hibernate-core";"Version":"6.5.2.Final";"IsResolved":true;"IsDevelopment":false};{"Id":"Maven-org.glassfish.jaxb:jaxb-runtime-4.0.2";"Name":"org.glassfish.jaxb:jaxb-runtime";"Version":"4.0.2";"IsResolved":true;"IsDevelopment":false};{"Id":"Maven-org.glassfish.jaxb:jaxb-core-4.0.2";"Name":"org.glassfish.jaxb:jaxb-core";"Version":"4.0.2";"IsResolved":true;"IsDevelopment":false};{"Id":"Maven-org.eclipse.angus:angus-activation-2.0.0";"Name":"org.eclipse.angus:angus-activation";"Version":"2.0.0";"IsResolved":true;"IsDevelopment":false}]],,,,,"Monitored",,,,
"Maven-org.glassfish.jaxb:jaxb-core-4.0.2","org.glassfish.jaxb:jaxb-core","4.0.2",,"SonaType","No",[],"Copyright (c) 2020, 2023 Oracle and/or its affiliates. All rights reserved.;Copyright (c) 2018 Oracle and/or its affiliates. All rights reserved.;Copyright (c) 1997, 2021 Oracle and/or its affiliates. All rights reserved.;Copyright (c) 2021 Oracle and/or its affiliates. All rights reserved.;Copyright (c) 1997, 2022 Oracle and/or its affiliates. All rights reserved.;Copyright (c) 2018, 2022 Oracle and/or its affiliates. All rights reserved.;Copyright (c) 2017, 2021 Oracle and/or its affiliates. All rights reserved.;Copyright (c) 2021, 2022 Oracle and/or its affiliates. All rights reserved.;Copyright (c) 2017, 2022 Oracle and/or its affiliates. All rights reserved.;Copyright (c) 2011, 2021 Oracle and/or its affiliates. All rights reserved.;Copyright (c) 2013, 2022 Oracle and/or its affiliates. All rights reserved.","Filename",0,0,0,0,0,6,2026-03-14T12:04:00.000Z,"4.0.7",True,2023-01-27T06:36:30.000Z,0,"NONE",["pom.xml"],"Maven",False,False,False,False,False,False,"Potentially","Transitive",0,False,[[{"Id":"Maven-org.hibernate.orm:hibernate-core-6.5.2.Final";"Name":"org.hibernate.orm:hibernate-core";"Version":"6.5.2.Final";"IsResolved":true;"IsDevelopment":false};{"Id":"Maven-org.glassfish.jaxb:jaxb-runtime-4.0.2";"Name":"org.glassfish.jaxb:jaxb-runtime";"Version":"4.0.2";"IsResolved":true;"IsDevelopment":false};{"Id":"Maven-org.glassfish.jaxb:jaxb-core-4.0.2";"Name":"org.glassfish.jaxb:jaxb-core";"Version":"4.0.2";"IsResolved":true;"IsDevelopment":false}]],,,,,"Monitored",,,,
"Maven-org.glassfish.jaxb:jaxb-runtime-4.0.2","org.glassfish.jaxb:jaxb-runtime","4.0.2",,"SonaType","No",[],"Copyright (c) 2013, 2023 Oracle and/or its affiliates. All rights reserved.;Copyright (c) 2018 Oracle and/or its affiliates. All rights reserved.;Copyright (c) 1997, 2021 Oracle and/or its affiliates. All rights reserved.;Copyright (c) 1997, 2022 Oracle and/or its affiliates. All rights reserved.;Copyright (c) 2013, 2022 Oracle and/or its affiliates. All rights reserved.;Copyright (c) 2021, 2022 Oracle and/or its affiliates. All rights reserved.;Copyright (c) 2017, 2021 Oracle and/or its affiliates. All rights reserved.;Copyright (c) 1997, 2023 Oracle and/or its affiliates. All rights reserved.","Filename",0,0,0,0,0,6,2026-03-14T12:04:00.000Z,"4.0.7",True,2023-01-27T06:36:27.000Z,0,"NONE",["pom.xml"],"Maven",False,False,False,False,False,False,"Potentially","Transitive",0,False,[[{"Id":"Maven-org.hibernate.orm:hibernate-core-6.5.2.Final";"Name":"org.hibernate.orm:hibernate-core";"Version":"6.5.2.Final";"IsResolved":true;"IsDevelopment":false};{"Id":"Maven-org.glassfish.jaxb:jaxb-runtime-4.0.2";"Name":"org.glassfish.jaxb:jaxb-runtime";"Version":"4.0.2";"IsResolved":true;"IsDevelopment":false}]],,,,,"Monitored",,,,
"Maven-org.glassfish.jaxb:txw2-4.0.2","org.glassfish.jaxb:txw2","4.0.2",,"SonaType","No",[],"Copyright (c) 2005, 2023 Oracle and/or its affiliates. All rights reserved.;Copyright (c) 2018 Oracle and/or its affiliates. All rights reserved.;Copyright (c) 2005, 2021 Oracle and/or its affiliates. All rights reserved.;Copyright (c) 2005, 2022 Oracle and/or its affiliates. All rights reserved.;Copyright (c) 2021 Oracle and/or its affiliates. All rights reserved.;Copyright (c) 2018, 2022 Oracle and/or its affiliates. All rights reserved.","Filename",0,0,0,0,0,6,2026-03-14T12:04:00.000Z,"4.0.7",True,2023-01-27T06:36:23.000Z,0,"NONE",["pom.xml"],"Maven",False,False,False,False,False,False,"Potentially","Transitive",0,False,[[{"Id":"Maven-org.hibernate.orm:hibernate-core-6.5.2.Final";"Name":"org.hibernate.orm:hibernate-core";"Version":"6.5.2.Final";"IsResolved":true;"IsDevelopment":false};{"Id":"Maven-org.glassfish.jaxb:jaxb-runtime-4.0.2";"Name":"org.glassfish.jaxb:jaxb-runtime";"Version":"4.0.2";"IsResolved":true;"IsDevelopment":false};{"Id":"Maven-org.glassfish.jaxb:jaxb-core-4.0.2";"Name":"org.glassfish.jaxb:jaxb-core";"Version":"4.0.2";"IsResolved":true;"IsDevelopment":false};{"Id":"Maven-org.glassfish.jaxb:txw2-4.0.2";"Name":"org.glassfish.jaxb:txw2";"Version":"4.0.2";"IsResolved":true;"IsDevelopment":false}]],,,,,"Monitored",,,,
"Maven-org.hamcrest:hamcrest-2.2","org.hamcrest:hamcrest","2.2",,"Redhat,SonaType","No",["BSD 3"],"Copyright (c) 2000-2024, www.hamcrest.org","Filename",0,0,0,0,0,2,2024-08-01T09:09:00.923Z,"3.0",True,2024-02-06T11:29:46.000Z,0,"NONE",["pom.xml"],"Maven",False,False,True,False,False,False,"Potentially","Transitive",0,False,[[{"Id":"Maven-junit:junit-4.13.1";"Name":"junit:junit";"Version":"4.13.1";"IsResolved":true;"IsDevelopment":true};{"Id":"Maven-org.hamcrest:hamcrest-core-2.2";"Name":"org.hamcrest:hamcrest-core";"Version":"2.2";"IsResolved":true;"IsDevelopment":true};{"Id":"Maven-org.hamcrest:hamcrest-2.2";"Name":"org.hamcrest:hamcrest";"Version":"2.2";"IsResolved":true;"IsDevelopment":true}];[{"Id":"Maven-org.springframework.boot:spring-boot-starter-test-3.4.6";"Name":"org.springframework.boot:spring-boot-starter-test";"Version":"3.4.6";"IsResolved":true;"IsDevelopment":true};{"Id":"Maven-org.hamcrest:hamcrest-2.2";"Name":"org.hamcrest:hamcrest";"Version":"2.2";"IsResolved":true;"IsDevelopment":true}]],,,,,"Monitored",,,,
"Maven-org.hamcrest:hamcrest-core-2.2","org.hamcrest:hamcrest-core","2.2",,"SonaType","No",["BSD 3"],"Copyright (c) 2000-2024, www.hamcrest.org","Filename",0,0,0,0,0,2,2024-08-01T09:08:15.663Z,"3.0",True,2019-10-16T20:52:39.000Z,0,"NONE",["pom.xml"],"Maven",False,False,True,False,False,False,"Potentially","Transitive",0,False,[[{"Id":"Maven-junit:junit-4.13.1";"Name":"junit:junit";"Version":"4.13.1";"IsResolved":true;"IsDevelopment":true};{"Id":"Maven-org.hamcrest:hamcrest-core-2.2";"Name":"org.hamcrest:hamcrest-core";"Version":"2.2";"IsResolved":true;"IsDevelopment":true}]],,,,,"Monitored",,,,
"Maven-org.hdrhistogram:HdrHistogram-2.2.2","org.hdrhistogram:HdrHistogram","2.2.2",,"SonaType","No",[],"Copyright (c) 2012, 2013, 2014, 2015, 2016 Gil Tene;Copyright (c) 2014 Michael Barker;Copyright (c) 2014 Matt Warren All rights reserved.","Filename",0,0,0,0,0,3,2026-02-02T14:53:52.000Z,"2.2.2.redhat-00005",True,2024-05-30T06:46:04.807Z,0,"NONE",["pom.xml"],"Maven",False,False,False,False,False,False,"Unused","Transitive",0,False,[[{"Id":"Maven-org.springframework.boot:spring-boot-starter-actuator-3.4.6";"Name":"org.springframework.boot:spring-boot-starter-actuator";"Version":"3.4.6";"IsResolved":true;"IsDevelopment":false};{"Id":"Maven-io.micrometer:micrometer-jakarta9-1.14.7";"Name":"io.micrometer:micrometer-jakarta9";"Version":"1.14.7";"IsResolved":true;"IsDevelopment":false};{"Id":"Maven-io.micrometer:micrometer-core-1.14.7";"Name":"io.micrometer:micrometer-core";"Version":"1.14.7";"IsResolved":true;"IsDevelopment":false};{"Id":"Maven-org.hdrhistogram:HdrHistogram-2.2.2";"Name":"org.hdrhistogram:HdrHistogram";"Version":"2.2.2";"IsResolved":true;"IsDevelopment":false}]],,,,,"Monitored",,,,
"Maven-org.hibernate.common:hibernate-commons-annotations-6.0.6.Final","org.hibernate.common:hibernate-commons-annotations","6.0.6.Final",,"SonaType","No",["LGPL 2.1"],,"Filename",0,0,0,0,0,7,2024-11-20T12:16:44.000Z,"7.0.3.Final-redhat-00002",True,2023-01-26T15:39:39.000Z,0,"NONE",["pom.xml"],"Maven",False,False,False,False,False,False,"Potentially","Transitive",0,False,[[{"Id":"Maven-org.hibernate.orm:hibernate-core-6.5.2.Final";"Name":"org.hibernate.orm:hibernate-core";"Version":"6.5.2.Final";"IsResolved":true;"IsDevelopment":false};{"Id":"Maven-org.hibernate.common:hibernate-commons-annotations-6.0.6.Final";"Name":"org.hibernate.common:hibernate-commons-annotations";"Version":"6.0.6.Final";"IsResolved":true;"IsDevelopment":false}]],,,,,"Monitored",,,,
"Maven-org.hibernate.orm:hibernate-core-6.5.2.Final","org.hibernate.orm:hibernate-core","6.5.2.Final",,"SonaType","No",["LGPL 2.1"],"Copyright 2004-present by the Checker Framework developers","Filename",0,0,0,0,0,135,2026-04-20T15:33:00.000Z,"7.3.2.Final",True,2024-05-20T21:24:22.631Z,0,"NONE",["pom.xml"],"Maven",False,True,False,False,False,False,"Used","Direct",0,False,[],,,,,"Monitored",,,,
"Maven-org.hibernate.validator:hibernate-validator-8.0.2.Final","org.hibernate.validator:hibernate-validator","8.0.2.Final",,"SonaType","No",["Apache 2.0"],"Copyright 2009 IIZUKA Software Technologies Ltd","Filename",0,0,0,0,0,12,2025-11-07T22:29:00.000Z,"9.1.0.Final",True,2024-12-13T17:13:15.306Z,0,"NONE",["pom.xml"],"Maven",False,False,False,False,False,False,"Unused","Transitive",0,False,[[{"Id":"Maven-org.springframework.boot:spring-boot-starter-validation-3.4.6";"Name":"org.springframework.boot:spring-boot-starter-validation";"Version":"3.4.6";"IsResolved":true;"IsDevelopment":false};{"Id":"Maven-org.hibernate.validator:hibernate-validator-8.0.2.Final";"Name":"org.hibernate.validator:hibernate-validator";"Version":"8.0.2.Final";"IsResolved":true;"IsDevelopment":false}]],,,,,"Monitored",,,,
"Maven-org.jboss.logging:jboss-logging-3.6.1.Final","org.jboss.logging:jboss-logging","3.6.1.Final",,"SonaType","No",["Apache 2.0"],"Copyright 2023 Red Hat, Inc.","Filename",0,0,0,0,0,4,2026-03-17T17:38:00.000Z,"3.6.3.Final",True,2024-09-09T15:35:27.000Z,0,"NONE",["pom.xml"],"Maven",False,False,False,False,False,False,"Potentially","Transitive",0,False,[[{"Id":"Maven-org.hibernate.orm:hibernate-core-6.5.2.Final";"Name":"org.hibernate.orm:hibernate-core";"Version":"6.5.2.Final";"IsResolved":true;"IsDevelopment":false};{"Id":"Maven-org.jboss.logging:jboss-logging-3.6.1.Final";"Name":"org.jboss.logging:jboss-logging";"Version":"3.6.1.Final";"IsResolved":true;"IsDevelopment":false}];[{"Id":"Maven-org.springframework.boot:spring-boot-starter-validation-3.4.6";"Name":"org.springframework.boot:spring-boot-starter-validation";"Version":"3.4.6";"IsResolved":true;"IsDevelopment":false};{"Id":"Maven-org.hibernate.validator:hibernate-validator-8.0.2.Final";"Name":"org.hibernate.validator:hibernate-validator";"Version":"8.0.2.Final";"IsResolved":true;"IsDevelopment":false};{"Id":"Maven-org.jboss.logging:jboss-logging-3.6.1.Final";"Name":"org.jboss.logging:jboss-logging";"Version":"3.6.1.Final";"IsResolved":true;"IsDevelopment":false}]],,,,,"Monitored",,,,
"Maven-org.jspecify:jspecify-1.0.0","org.jspecify:jspecify","1.0.0",,"SonaType","No",["Apache 2.0"],"Copyright 2022 The JSpecify Authors.;Copyright 2018-2020 The JSpecify Authors.","Filename",0,0,0,0,0,0,,,False,2024-07-16T21:00:10.000Z,0,"NONE",["pom.xml"],"Maven",False,False,False,False,False,False,"Potentially","Transitive",0,False,[[{"Id":"Maven-tools.jackson.datatype:jackson-datatype-guava-3.1.0";"Name":"tools.jackson.datatype:jackson-datatype-guava";"Version":"3.1.0";"IsResolved":true;"IsDevelopment":false};{"Id":"Maven-com.google.guava:guava-33.5.0-jre";"Name":"com.google.guava:guava";"Version":"33.5.0-jre";"IsResolved":true;"IsDevelopment":false};{"Id":"Maven-org.jspecify:jspecify-1.0.0";"Name":"org.jspecify:jspecify";"Version":"1.0.0";"IsResolved":true;"IsDevelopment":false}]],,,,,"Monitored",,,,
"Maven-org.junit.jupiter:junit-jupiter-5.11.4","org.junit.jupiter:junit-jupiter","5.11.4",,"SonaType","No",["Eclipse 2.0"],,"Filename",0,0,0,0,0,24,2025-11-17T17:15:00.000Z,"6.1.0-M1",True,2024-12-16T13:08:47.629Z,0,"NONE",["pom.xml"],"Maven",False,False,True,False,False,False,"Unused","Transitive",0,False,[[{"Id":"Maven-org.springframework.boot:spring-boot-starter-test-3.4.6";"Name":"org.springframework.boot:spring-boot-starter-test";"Version":"3.4.6";"IsResolved":true;"IsDevelopment":true};{"Id":"Maven-org.junit.jupiter:junit-jupiter-5.11.4";"Name":"org.junit.jupiter:junit-jupiter";"Version":"5.11.4";"IsResolved":true;"IsDevelopment":true}]],,,,,"Monitored",,,,
"Maven-org.junit.jupiter:junit-jupiter-api-5.11.4","org.junit.jupiter:junit-jupiter-api","5.11.4",,"SonaType","No",["Eclipse 2.0"],"Copyright 2015-2024 the original author or authors. All rights reserved.","Filename",0,0,0,0,0,24,2025-11-17T17:15:00.000Z,"6.1.0-M1",True,2024-12-16T13:08:38.375Z,0,"NONE",["pom.xml"],"Maven",False,False,True,False,False,False,"Unused","Transitive",0,False,[[{"Id":"Maven-org.springframework.boot:spring-boot-starter-test-3.4.6";"Name":"org.springframework.boot:spring-boot-starter-test";"Version":"3.4.6";"IsResolved":true;"IsDevelopment":true};{"Id":"Maven-org.junit.jupiter:junit-jupiter-5.11.4";"Name":"org.junit.jupiter:junit-jupiter";"Version":"5.11.4";"IsResolved":true;"IsDevelopment":true};{"Id":"Maven-org.junit.jupiter:junit-jupiter-api-5.11.4";"Name":"org.junit.jupiter:junit-jupiter-api";"Version":"5.11.4";"IsResolved":true;"IsDevelopment":true}]],,,,,"Monitored",,,,
"Maven-org.junit.jupiter:junit-jupiter-engine-5.11.4","org.junit.jupiter:junit-jupiter-engine","5.11.4",,"SonaType","No",["Eclipse 2.0"],"Copyright 2015-2024 the original author or authors. All rights reserved.","Filename",0,0,0,0,0,24,2025-11-17T17:15:00.000Z,"6.1.0-M1",True,2024-12-16T13:08:27.522Z,0,"NONE",["pom.xml"],"Maven",False,False,True,False,False,False,"Unused","Transitive",0,False,[[{"Id":"Maven-org.springframework.boot:spring-boot-starter-test-3.4.6";"Name":"org.springframework.boot:spring-boot-starter-test";"Version":"3.4.6";"IsResolved":true;"IsDevelopment":true};{"Id":"Maven-org.junit.jupiter:junit-jupiter-5.11.4";"Name":"org.junit.jupiter:junit-jupiter";"Version":"5.11.4";"IsResolved":true;"IsDevelopment":true};{"Id":"Maven-org.junit.jupiter:junit-jupiter-engine-5.11.4";"Name":"org.junit.jupiter:junit-jupiter-engine";"Version":"5.11.4";"IsResolved":true;"IsDevelopment":true}]],,,,,"Monitored",,,,
"Maven-org.junit.jupiter:junit-jupiter-params-5.11.4","org.junit.jupiter:junit-jupiter-params","5.11.4",,"SonaType","No",["Eclipse 2.0"],"Copyright 2015-2024 the original author or authors. All rights reserved.","Filename",0,0,0,0,0,24,2025-11-17T17:15:00.000Z,"6.1.0-M1",True,2024-12-16T13:08:27.502Z,0,"NONE",["pom.xml"],"Maven",False,False,True,False,False,False,"Unused","Transitive",0,False,[[{"Id":"Maven-org.springframework.boot:spring-boot-starter-test-3.4.6";"Name":"org.springframework.boot:spring-boot-starter-test";"Version":"3.4.6";"IsResolved":true;"IsDevelopment":true};{"Id":"Maven-org.junit.jupiter:junit-jupiter-5.11.4";"Name":"org.junit.jupiter:junit-jupiter";"Version":"5.11.4";"IsResolved":true;"IsDevelopment":true};{"Id":"Maven-org.junit.jupiter:junit-jupiter-params-5.11.4";"Name":"org.junit.jupiter:junit-jupiter-params";"Version":"5.11.4";"IsResolved":true;"IsDevelopment":true}]],,,,,"Monitored",,,,
"Maven-org.junit.platform:junit-platform-commons-1.10.2","org.junit.platform:junit-platform-commons","1.10.2",,"SonaType","No",["Eclipse 2.0"],"Copyright 2015-2023 the original author or authors. All rights reserved.","Filename",0,0,0,0,0,35,2025-11-17T17:15:00.000Z,"6.1.0-M1",True,2024-02-04T08:35:20.040Z,0,"NONE",["pom.xml"],"Maven",False,False,True,False,False,False,"Unused","Transitive",0,False,[[{"Id":"Maven-io.cucumber:cucumber-junit-platform-engine-7.18.0";"Name":"io.cucumber:cucumber-junit-platform-engine";"Version":"7.18.0";"IsResolved":true;"IsDevelopment":true};{"Id":"Maven-org.junit.platform:junit-platform-engine-1.10.2";"Name":"org.junit.platform:junit-platform-engine";"Version":"1.10.2";"IsResolved":true;"IsDevelopment":true};{"Id":"Maven-org.junit.platform:junit-platform-commons-1.10.2";"Name":"org.junit.platform:junit-platform-commons";"Version":"1.10.2";"IsResolved":true;"IsDevelopment":true}]],,,,,"Monitored",,,,
"Maven-org.junit.platform:junit-platform-engine-1.10.2","org.junit.platform:junit-platform-engine","1.10.2",,"SonaType","No",["Eclipse 2.0"],,"Filename",0,0,0,0,0,35,2025-11-17T17:15:00.000Z,"6.1.0-M1",True,2024-02-04T08:35:20.159Z,0,"NONE",["pom.xml"],"Maven",False,False,True,False,False,False,"Unused","Transitive",0,False,[[{"Id":"Maven-io.cucumber:cucumber-junit-platform-engine-7.18.0";"Name":"io.cucumber:cucumber-junit-platform-engine";"Version":"7.18.0";"IsResolved":true;"IsDevelopment":true};{"Id":"Maven-org.junit.platform:junit-platform-engine-1.10.2";"Name":"org.junit.platform:junit-platform-engine";"Version":"1.10.2";"IsResolved":true;"IsDevelopment":true}]],,,,,"Monitored",,,,
"Maven-org.junit.vintage:junit-vintage-engine-5.14.4","org.junit.vintage:junit-vintage-engine","5.14.4",,"SonaType","No",["Eclipse 2.0"],"Copyright 2015-2026 the original author or authors. All rights reserved.","Filename",0,0,0,0,0,0,,,False,2026-04-26T11:20:00.000Z,0,"NONE",["pom.xml"],"Maven",False,True,True,False,False,False,"Unused","Direct",0,False,[],,,,,"Monitored",,,,
"Maven-org.latencyutils:LatencyUtils-2.0.3","org.latencyutils:LatencyUtils","2.0.3",,"SonaType","No",["Public Domain"],"Copyright (c) 2012, 2013, 2014 Gil Tene All rights reserved.","Filename",0,0,0,0,0,4,2024-04-01T13:17:02.000Z,"2.0.3.redhat-00005",True,2015-12-15T20:28:28.000Z,0,"NONE",["pom.xml"],"Maven",False,False,False,False,False,False,"Unused","Transitive",0,False,[[{"Id":"Maven-org.springframework.boot:spring-boot-starter-actuator-3.4.6";"Name":"org.springframework.boot:spring-boot-starter-actuator";"Version":"3.4.6";"IsResolved":true;"IsDevelopment":false};{"Id":"Maven-io.micrometer:micrometer-jakarta9-1.14.7";"Name":"io.micrometer:micrometer-jakarta9";"Version":"1.14.7";"IsResolved":true;"IsDevelopment":false};{"Id":"Maven-io.micrometer:micrometer-core-1.14.7";"Name":"io.micrometer:micrometer-core";"Version":"1.14.7";"IsResolved":true;"IsDevelopment":false};{"Id":"Maven-org.latencyutils:LatencyUtils-2.0.3";"Name":"org.latencyutils:LatencyUtils";"Version":"2.0.3";"IsResolved":true;"IsDevelopment":false}]],,,,,"Monitored",,,,
"Maven-org.mockito:mockito-core-5.14.2","org.mockito:mockito-core","5.14.2",,"SonaType","No",["MIT"],"Copyright (c) 2007 Mockito contributors;Copyright (c) 2016 Mockito contributors;Copyright (c) 2017 Mockito contributors;Copyright (c) 2019 Mockito contributors;Copyright (c) 2022 Mockito contributors;Copyright (c) 2023 Mockito contributors;Copyright (c) 2024 Mockito contributors;Copyright (c) 2018 Mockito contributors;Copyright (c) 2020 Mockito contributors;Copyright (c) 2021 Mockito contributors;Copyright (c) 2015 Mockito contributors","Filename",0,0,0,0,0,10,2026-03-11T20:57:00.000Z,"5.23.0",True,2024-10-15T13:07:05.000Z,0,"NONE",["pom.xml"],"Maven",False,False,True,False,False,False,"Used","Transitive",0,False,[[{"Id":"Maven-org.springframework.boot:spring-boot-starter-test-3.4.6";"Name":"org.springframework.boot:spring-boot-starter-test";"Version":"3.4.6";"IsResolved":true;"IsDevelopment":true};{"Id":"Maven-org.mockito:mockito-core-5.14.2";"Name":"org.mockito:mockito-core";"Version":"5.14.2";"IsResolved":true;"IsDevelopment":true}]],,,,,"Monitored",,,,
"Maven-org.mockito:mockito-junit-jupiter-5.14.2","org.mockito:mockito-junit-jupiter","5.14.2",,"SonaType","No",["MIT"],"Copyright (c) 2007 Mockito contributors;Copyright (c) 2018 Mockito contributors","Filename",0,0,0,0,0,10,2026-03-11T20:57:00.000Z,"5.23.0",True,2024-10-15T13:07:02.000Z,0,"NONE",["pom.xml"],"Maven",False,False,True,False,False,False,"Unused","Transitive",0,False,[[{"Id":"Maven-org.springframework.boot:spring-boot-starter-test-3.4.6";"Name":"org.springframework.boot:spring-boot-starter-test";"Version":"3.4.6";"IsResolved":true;"IsDevelopment":true};{"Id":"Maven-org.mockito:mockito-junit-jupiter-5.14.2";"Name":"org.mockito:mockito-junit-jupiter";"Version":"5.14.2";"IsResolved":true;"IsDevelopment":true}]],,,,,"Monitored",,,,
"Maven-org.modelmapper:modelmapper-2.3.8","org.modelmapper:modelmapper","2.3.8",,"SonaType","No",["Apache 2.0"],"Copyright 2006-2017 Joe Walnes, Henri Tremblay, Leonardo Mesquita;Copyright 2011 the original author or authors.;Copyright 2018 the original author or authors.;Copyright 2017 the original author or authors.;Copyright 2014 the original author or authors.;Copyright 2013 the original author or authors.;Copyright 2011-2014 the original author or authors.;Copyright 2012 the original author or authors.","Filename",0,0,0,0,0,17,2025-11-11T08:38:00.000Z,"3.2.6",True,2020-06-05T02:40:29.000Z,0,"NONE",["pom.xml"],"Maven",False,True,False,False,False,False,"Used","Direct",0,False,[],,,,,"Monitored",,,,
"Maven-org.objenesis:objenesis-3.3","org.objenesis:objenesis","3.3",,"SonaType","No",["Apache 2.0"],"Copyright 2006-2022 the original author or authors.;Copyright 2006-2022 Joe Walnes, Henri Tremblay, Leonardo Mesquita;Copyright 2006-2021 the original author or authors.","Filename",0,0,0,0,0,2,2026-01-26T02:48:00.000Z,"3.5",True,2022-07-31T22:30:11.000Z,0,"NONE",["pom.xml"],"Maven",False,False,True,False,False,False,"Potentially","Transitive",0,False,[[{"Id":"Maven-org.springframework.boot:spring-boot-starter-test-3.4.6";"Name":"org.springframework.boot:spring-boot-starter-test";"Version":"3.4.6";"IsResolved":true;"IsDevelopment":true};{"Id":"Maven-org.mockito:mockito-core-5.14.2";"Name":"org.mockito:mockito-core";"Version":"5.14.2";"IsResolved":true;"IsDevelopment":true};{"Id":"Maven-org.objenesis:objenesis-3.3";"Name":"org.objenesis:objenesis";"Version":"3.3";"IsResolved":true;"IsDevelopment":true}]],,,,,"Monitored",,,,
"Maven-org.opentest4j:opentest4j-1.3.0","org.opentest4j:opentest4j","1.3.0",,"SonaType","No",["Apache 2.0"],"Copyright 2015-2023 the original author or authors.","Filename",0,0,0,0,0,0,,,False,2023-07-06T12:25:33.000Z,0,"NONE",["pom.xml"],"Maven",False,False,True,False,False,False,"Unused","Transitive",0,False,[[{"Id":"Maven-io.cucumber:cucumber-junit-platform-engine-7.18.0";"Name":"io.cucumber:cucumber-junit-platform-engine";"Version":"7.18.0";"IsResolved":true;"IsDevelopment":true};{"Id":"Maven-org.junit.platform:junit-platform-engine-1.10.2";"Name":"org.junit.platform:junit-platform-engine";"Version":"1.10.2";"IsResolved":true;"IsDevelopment":true};{"Id":"Maven-org.opentest4j:opentest4j-1.3.0";"Name":"org.opentest4j:opentest4j";"Version":"1.3.0";"IsResolved":true;"IsDevelopment":true}];[{"Id":"Maven-org.springframework.boot:spring-boot-starter-test-3.4.6";"Name":"org.springframework.boot:spring-boot-starter-test";"Version":"3.4.6";"IsResolved":true;"IsDevelopment":true};{"Id":"Maven-org.junit.jupiter:junit-jupiter-5.11.4";"Name":"org.junit.jupiter:junit-jupiter";"Version":"5.11.4";"IsResolved":true;"IsDevelopment":true};{"Id":"Maven-org.junit.jupiter:junit-jupiter-api-5.11.4";"Name":"org.junit.jupiter:junit-jupiter-api";"Version":"5.11.4";"IsResolved":true;"IsDevelopment":true};{"Id":"Maven-org.opentest4j:opentest4j-1.3.0";"Name":"org.opentest4j:opentest4j";"Version":"1.3.0";"IsResolved":true;"IsDevelopment":true}]],,,,,"Monitored",,,,
"Maven-org.ow2.asm:asm-9.7.1","org.ow2.asm:asm","9.7.1",,"SonaType","No",["BSD 3"],"Copyright (c) 2000-2011 INRIA, France Telecom// All rights reserved.","Filename",0,0,0,0,0,3,2025-12-06T15:16:52.454Z,"9.9.1",True,2024-10-06T07:26:10.938Z,0,"NONE",["pom.xml"],"Maven",False,False,False,False,False,False,"Unused","Transitive",0,False,[[{"Id":"Maven-net.minidev:json-smart-2.5.2";"Name":"net.minidev:json-smart";"Version":"2.5.2";"IsResolved":true;"IsDevelopment":false};{"Id":"Maven-net.minidev:accessors-smart-2.5.2";"Name":"net.minidev:accessors-smart";"Version":"2.5.2";"IsResolved":true;"IsDevelopment":false};{"Id":"Maven-org.ow2.asm:asm-9.7.1";"Name":"org.ow2.asm:asm";"Version":"9.7.1";"IsResolved":true;"IsDevelopment":false}]],,,,,"Monitored",,,,
"Maven-org.postgresql:postgresql-42.7.3","org.postgresql:postgresql","42.7.3",,"SonaType","No",["BSD 2"],"Copyright (c) 1997, PostgreSQL Global Development GroupAll rights reserved.;Copyright (c) 2003, PostgreSQL Global Development Group;Copyright (c) 2021, PostgreSQL Global Development Group;Copyright (c) 2020, PostgreSQL Global Development Group;Copyright (c) 2016, PostgreSQL Global Development Group;Copyright (c) 2009, PostgreSQL Global Development Group;Copyright (c) 2015, PostgreSQL Global Development Group;Copyright (c) 2018, PostgreSQL Global Development Group;Copyright (c) 2004, Open Cloud Limited.;Copyright (c) 2017, PostgreSQL Global Development Group;Copyright (c) 2006, PostgreSQL Global Development Group;Copyright (c) 2023, PostgreSQL Global Development Group;Copyright (c) 2008, PostgreSQL Global Development Group;Copyright (c) 2004, PostgreSQL Global Development Group.;Copyright (c) 2014, PostgreSQL Global Development Group;Copyright (c) 2005, PostgreSQL Global Development Group;Copyright (c) 2019, PostgreSQL Global Development Group;Copyright (c) 2011, PostgreSQL Global Development Group;Copyright (c) 2012, PostgreSQL Global Development Group;Copyright (c) 2007, PostgreSQL Global Development Group","Filename",0,0,0,0,0,7,2026-02-11T18:58:00.000Z,"42.7.10",True,2024-03-14T18:41:47.192Z,0,"NONE",["pom.xml"],"Maven",False,True,False,False,False,False,"Unused","Direct",0,False,[],,,,,"Monitored",,,,
"Maven-org.projectlombok:lombok-1.18.34","org.projectlombok:lombok","1.18.34",,"SonaType","No",["MIT"],"Copyright (C) 2009-2021 The Project Lombok Authors.;Copyright (c) 2000-2011 INRIA, France Telecom All rights reserved.;Copyright © 2010 Reinier Zwitserloot.;Copyright (C) 2009 The Project Lombok Authors.;Copyright (C) 2010-2017 The Project Lombok Authors.;Copyright (C) 2013-2018 The Project Lombok Authors.;Copyright (C) 2009-2017 The Project Lombok Authors.;Copyright (C) 2013-2023 The Project Lombok Authors.;Copyright (C) 2019 The Project Lombok Authors.;Copyright (C) 2009-2020 The Project Lombok Authors.;Copyright (C) 2015-2024 The Project Lombok Authors.;Copyright (C) 2021-2023 The Project Lombok Authors.;Copyright (C) 2009-2019 The Project Lombok Authors.;Copyright (C) 2015-2020 The Project Lombok Authors.;Copyright (C) 2009-2018 The Project Lombok Authors.;Copyright (C) 2012-2017 The Project Lombok Authors.;Copyright (C) 2012-2019 The Project Lombok Authors.;Copyright (C) 2010-2021 The Project Lombok Authors.;Copyright (C) 2010-2023 The Project Lombok Authors.;Copyright (C) 2010-2012 The Project Lombok Authors.;Copyright (C) 2012-2021 The Project Lombok Authors.;Copyright (C) 2009-2014 The Project Lombok Authors.;Copyright (C) 2018 The Project Lombok Authors.;Copyright (C) 2009-2022 The Project Lombok Authors.;Copyright (C) 2014 The Project Lombok Authors.;Copyright (C) 2009-2010 The Project Lombok Authors.;Copyright (C) 2015 The Project Lombok Authors.;Copyright (C) 2012 The Project Lombok Authors.;Copyright (C) 2013-2020 The Project Lombok Authors.;Copyright (C) 2013-2019 The Project Lombok Authors.;Copyright (C) 2010-2019 The Project Lombok Authors.;Copyright (C) 2010 The Project Lombok Authors.;Copyright (C) 2009-2012 The Project Lombok Authors.;Copyright (C) 2009-2024 The Project Lombok Authors.;Copyright (C) 2014-2020 The Project Lombok Authors.;Copyright (C) 2021 The Project Lombok Authors.;Copyright (C) 2019-2020 The Project Lombok Authors.;Copyright (C) 2014-2021 The Project Lombok Authors.;Copyright (C) 2020 The Project Lombok Authors.;Copyright (C) 2013 The Project Lombok Authors.;Copyright (C) 2014-2018 The Project Lombok Authors.;Copyright (C) 2020-2023 The Project Lombok Authors.;Copyright (C) 2012-2014 The Project Lombok Authors.;Copyright (C) 2013-2024 The Project Lombok Authors.;Copyright (C) 2014-2023 The Project Lombok Authors.;Copyright (C) 2009-2023 The Project Lombok Authors.;Copyright (C) 2023 The Project Lombok Authors.;Copyright (C) 2015-2021 The Project Lombok Authors.;Copyright (C) 2014-2022 The Project Lombok Authors.;Copyright (C) 2017-2021 The Project Lombok Authors.;Copyright (C) 2010-2024 The Project Lombok Authors.;Copyright (C) 2013-2021 The Project Lombok Authors.;Copyright (C) 2021-2024 The Project Lombok Authors.;Copyright (C) 2024 The Project Lombok Authors.;Copyright (C) 2012-2022 The Project Lombok Authors.;Copyright (C) 2020-2022 The Project Lombok Authors.;Copyright (C) 2011-2015 The Project Lombok Authors.;Copyright (C) 2015-2019 The Project Lombok Authors.;Copyright (C) 2016-2017 The Project Lombok Authors.;Copyright (C) 2013-2017 The Project Lombok Authors.;Copyright (C) 2012-2013 The Project Lombok Authors.;Copyright (C) 2011-2021 The Project Lombok Authors.;Copyright (C) 2017 The Project Lombok Authors.;Copyright (C) 2010-2013 The Project Lombok Authors.;Copyright (C) 2010-2011 The Project Lombok Authors.;Copyright (C) 2010-2020 The Project Lombok Authors.;Copyright (C) 2018-2023 The Project Lombok Authors.;Copyright (C) 2020-2021 The Project Lombok Authors.;Copyright (C) 2010-2018 The Project Lombok Authors.;Copyright (C) 2014-2015 The Project Lombok Authors.;Copyright (C) 2009-2011 The Project Lombok Authors.;Copyright (C) 2011-2019 The Project Lombok Authors.;Copyright (C) 2013-2014 The Project Lombok Authors.;Copyright (C) 2011-2013 The Project Lombok Authors.;Copyright (C) 2018-2021 The Project Lombok Authors.;Copyright (C) 2022 The Project Lombok Authors.;Copyright (C) 2012-2024 The Project Lombok Authors.;Copyright (C) 2020-2024 The Project Lombok Authors.;Copyright (C) 2011 The Project Lombok Authors.;Copyright (C) 2009-2016 The Project Lombok Authors.;Copyright (C) 2016 The Project Lombok Authors.;Copyright (C) 2016-2021 The Project Lombok Authors.;Copyright (C) 2013-2015 The Project Lombok Authors.;Copyright (C) 2016-2024 The Project Lombok Authors.;Copyright (C) 2014-2024 The Project Lombok Authors.;Copyright (C) 2011-2020 The Project Lombok Authors.;Copyright (C) 2015-2017 The Project Lombok Authors.","Filename",0,0,0,0,0,6,2026-04-21T23:21:00.000Z,"1.18.46",True,2024-06-28T00:45:53.024Z,0,"NONE",["pom.xml"],"Maven",False,True,False,False,False,False,"Used","Direct",0,False,[],,,,,"Monitored",,,,
"Maven-org.skyscreamer:jsonassert-1.5.3","org.skyscreamer:jsonassert","1.5.3",,"SonaType","No",["Apache 2.0"],,"Filename",0,0,0,0,0,0,,,False,2024-06-28T13:03:19.467Z,0,"NONE",["pom.xml"],"Maven",False,False,True,False,False,False,"Unused","Transitive",0,False,[[{"Id":"Maven-org.springframework.boot:spring-boot-starter-test-3.4.6";"Name":"org.springframework.boot:spring-boot-starter-test";"Version":"3.4.6";"IsResolved":true;"IsDevelopment":true};{"Id":"Maven-org.skyscreamer:jsonassert-1.5.3";"Name":"org.skyscreamer:jsonassert";"Version":"1.5.3";"IsResolved":true;"IsDevelopment":true}]],,,,,"Monitored",,,,
"Maven-org.slf4j:jul-to-slf4j-2.0.17","org.slf4j:jul-to-slf4j","2.0.17",,"SonaType","No",["MIT"],"Copyright (c) 2004-2022 QOS.ch Sarl (Switzerland)All rights reserved.;Copyright (c) 2004-2011 QOS.ch All rights reserved.","Filename",0,0,0,0,0,0,,,False,2025-02-25T16:46:06.714Z,0,"NONE",["pom.xml"],"Maven",False,False,False,False,False,False,"Potentially","Transitive",0,False,[[{"Id":"Maven-net.devh:grpc-client-spring-boot-starter-3.1.0.RELEASE";"Name":"net.devh:grpc-client-spring-boot-starter";"Version":"3.1.0.RELEASE";"IsResolved":true;"IsDevelopment":false};{"Id":"Maven-org.springframework.boot:spring-boot-starter-3.4.6";"Name":"org.springframework.boot:spring-boot-starter";"Version":"3.4.6";"IsResolved":true;"IsDevelopment":true};{"Id":"Maven-org.springframework.boot:spring-boot-starter-logging-3.4.6";"Name":"org.springframework.boot:spring-boot-starter-logging";"Version":"3.4.6";"IsResolved":true;"IsDevelopment":true};{"Id":"Maven-org.slf4j:jul-to-slf4j-2.0.17";"Name":"org.slf4j:jul-to-slf4j";"Version":"2.0.17";"IsResolved":true;"IsDevelopment":false}];[{"Id":"Maven-net.devh:grpc-server-spring-boot-starter-3.1.0.RELEASE";"Name":"net.devh:grpc-server-spring-boot-starter";"Version":"3.1.0.RELEASE";"IsResolved":true;"IsDevelopment":false};{"Id":"Maven-org.springframework.boot:spring-boot-starter-3.4.6";"Name":"org.springframework.boot:spring-boot-starter";"Version":"3.4.6";"IsResolved":true;"IsDevelopment":true};{"Id":"Maven-org.springframework.boot:spring-boot-starter-logging-3.4.6";"Name":"org.springframework.boot:spring-boot-starter-logging";"Version":"3.4.6";"IsResolved":true;"IsDevelopment":true};{"Id":"Maven-org.slf4j:jul-to-slf4j-2.0.17";"Name":"org.slf4j:jul-to-slf4j";"Version":"2.0.17";"IsResolved":true;"IsDevelopment":false}];[{"Id":"Maven-org.springframework.boot:spring-boot-starter-actuator-3.4.6";"Name":"org.springframework.boot:spring-boot-starter-actuator";"Version":"3.4.6";"IsResolved":true;"IsDevelopment":false};{"Id":"Maven-org.springframework.boot:spring-boot-starter-3.4.6";"Name":"org.springframework.boot:spring-boot-starter";"Version":"3.4.6";"IsResolved":true;"IsDevelopment":true};{"Id":"Maven-org.springframework.boot:spring-boot-starter-logging-3.4.6";"Name":"org.springframework.boot:spring-boot-starter-logging";"Version":"3.4.6";"IsResolved":true;"IsDevelopment":true};{"Id":"Maven-org.slf4j:jul-to-slf4j-2.0.17";"Name":"org.slf4j:jul-to-slf4j";"Version":"2.0.17";"IsResolved":true;"IsDevelopment":false}];[{"Id":"Maven-org.springframework.boot:spring-boot-starter-data-jpa-3.4.6";"Name":"org.springframework.boot:spring-boot-starter-data-jpa";"Version":"3.4.6";"IsResolved":true;"IsDevelopment":false};{"Id":"Maven-org.springframework.boot:spring-boot-starter-3.4.6";"Name":"org.springframework.boot:spring-boot-starter";"Version":"3.4.6";"IsResolved":true;"IsDevelopment":true};{"Id":"Maven-org.springframework.boot:spring-boot-starter-logging-3.4.6";"Name":"org.springframework.boot:spring-boot-starter-logging";"Version":"3.4.6";"IsResolved":true;"IsDevelopment":true};{"Id":"Maven-org.slf4j:jul-to-slf4j-2.0.17";"Name":"org.slf4j:jul-to-slf4j";"Version":"2.0.17";"IsResolved":true;"IsDevelopment":false}];[{"Id":"Maven-org.springframework.boot:spring-boot-starter-test-3.4.6";"Name":"org.springframework.boot:spring-boot-starter-test";"Version":"3.4.6";"IsResolved":true;"IsDevelopment":true};{"Id":"Maven-org.springframework.boot:spring-boot-starter-3.4.6";"Name":"org.springframework.boot:spring-boot-starter";"Version":"3.4.6";"IsResolved":true;"IsDevelopment":true};{"Id":"Maven-org.springframework.boot:spring-boot-starter-logging-3.4.6";"Name":"org.springframework.boot:spring-boot-starter-logging";"Version":"3.4.6";"IsResolved":true;"IsDevelopment":true};{"Id":"Maven-org.slf4j:jul-to-slf4j-2.0.17";"Name":"org.slf4j:jul-to-slf4j";"Version":"2.0.17";"IsResolved":true;"IsDevelopment":false}];[{"Id":"Maven-org.springframework.boot:spring-boot-starter-validation-3.4.6";"Name":"org.springframework.boot:spring-boot-starter-validation";"Version":"3.4.6";"IsResolved":true;"IsDevelopment":false};{"Id":"Maven-org.springframework.boot:spring-boot-starter-3.4.6";"Name":"org.springframework.boot:spring-boot-starter";"Version":"3.4.6";"IsResolved":true;"IsDevelopment":true};{"Id":"Maven-org.springframework.boot:spring-boot-starter-logging-3.4.6";"Name":"org.springframework.boot:spring-boot-starter-logging";"Version":"3.4.6";"IsResolved":true;"IsDevelopment":true};{"Id":"Maven-org.slf4j:jul-to-slf4j-2.0.17";"Name":"org.slf4j:jul-to-slf4j";"Version":"2.0.17";"IsResolved":true;"IsDevelopment":false}];[{"Id":"Maven-org.springframework.boot:spring-boot-starter-web-3.4.6";"Name":"org.springframework.boot:spring-boot-starter-web";"Version":"3.4.6";"IsResolved":true;"IsDevelopment":false};{"Id":"Maven-org.springframework.boot:spring-boot-starter-3.4.6";"Name":"org.springframework.boot:spring-boot-starter";"Version":"3.4.6";"IsResolved":true;"IsDevelopment":true};{"Id":"Maven-org.springframework.boot:spring-boot-starter-logging-3.4.6";"Name":"org.springframework.boot:spring-boot-starter-logging";"Version":"3.4.6";"IsResolved":true;"IsDevelopment":true};{"Id":"Maven-org.slf4j:jul-to-slf4j-2.0.17";"Name":"org.slf4j:jul-to-slf4j";"Version":"2.0.17";"IsResolved":true;"IsDevelopment":false}]],,,,,"Monitored",,,,
"Maven-org.slf4j:slf4j-api-2.0.17","org.slf4j:slf4j-api","2.0.17",,"SonaType","No",["MIT"],"Copyright (c) 2004-2022 QOS.ch Sarl (Switzerland)All rights reserved.;Copyright (c) 2004-2011 QOS.ch All rights reserved.;Copyright (c) 2004-2022 QOS.ch All rights reserved.;Copyright (c) 2004-2021 QOS.ch All rights reserved.;Copyright (c) 2004-2019 QOS.ch All rights reserved.;Copyright (c) 2004-2024 QOS.ch All rights reserved.","Filename",0,0,0,0,0,0,,,False,2025-02-25T16:43:14.416Z,0,"NONE",["pom.xml"],"Maven",False,False,False,False,False,False,"Potentially","Transitive",0,False,[[{"Id":"Maven-net.devh:grpc-client-spring-boot-starter-3.1.0.RELEASE";"Name":"net.devh:grpc-client-spring-boot-starter";"Version":"3.1.0.RELEASE";"IsResolved":true;"IsDevelopment":false};{"Id":"Maven-org.springframework.boot:spring-boot-starter-3.4.6";"Name":"org.springframework.boot:spring-boot-starter";"Version":"3.4.6";"IsResolved":true;"IsDevelopment":true};{"Id":"Maven-org.springframework.boot:spring-boot-starter-logging-3.4.6";"Name":"org.springframework.boot:spring-boot-starter-logging";"Version":"3.4.6";"IsResolved":true;"IsDevelopment":true};{"Id":"Maven-org.slf4j:jul-to-slf4j-2.0.17";"Name":"org.slf4j:jul-to-slf4j";"Version":"2.0.17";"IsResolved":true;"IsDevelopment":false};{"Id":"Maven-org.slf4j:slf4j-api-2.0.17";"Name":"org.slf4j:slf4j-api";"Version":"2.0.17";"IsResolved":true;"IsDevelopment":true}];[{"Id":"Maven-net.devh:grpc-server-spring-boot-starter-3.1.0.RELEASE";"Name":"net.devh:grpc-server-spring-boot-starter";"Version":"3.1.0.RELEASE";"IsResolved":true;"IsDevelopment":false};{"Id":"Maven-org.springframework.boot:spring-boot-starter-3.4.6";"Name":"org.springframework.boot:spring-boot-starter";"Version":"3.4.6";"IsResolved":true;"IsDevelopment":true};{"Id":"Maven-org.springframework.boot:spring-boot-starter-logging-3.4.6";"Name":"org.springframework.boot:spring-boot-starter-logging";"Version":"3.4.6";"IsResolved":true;"IsDevelopment":true};{"Id":"Maven-org.slf4j:jul-to-slf4j-2.0.17";"Name":"org.slf4j:jul-to-slf4j";"Version":"2.0.17";"IsResolved":true;"IsDevelopment":false};{"Id":"Maven-org.slf4j:slf4j-api-2.0.17";"Name":"org.slf4j:slf4j-api";"Version":"2.0.17";"IsResolved":true;"IsDevelopment":true}];[{"Id":"Maven-org.springframework.boot:spring-boot-starter-actuator-3.4.6";"Name":"org.springframework.boot:spring-boot-starter-actuator";"Version":"3.4.6";"IsResolved":true;"IsDevelopment":false};{"Id":"Maven-org.springframework.boot:spring-boot-starter-3.4.6";"Name":"org.springframework.boot:spring-boot-starter";"Version":"3.4.6";"IsResolved":true;"IsDevelopment":true};{"Id":"Maven-org.springframework.boot:spring-boot-starter-logging-3.4.6";"Name":"org.springframework.boot:spring-boot-starter-logging";"Version":"3.4.6";"IsResolved":true;"IsDevelopment":true};{"Id":"Maven-org.slf4j:jul-to-slf4j-2.0.17";"Name":"org.slf4j:jul-to-slf4j";"Version":"2.0.17";"IsResolved":true;"IsDevelopment":false};{"Id":"Maven-org.slf4j:slf4j-api-2.0.17";"Name":"org.slf4j:slf4j-api";"Version":"2.0.17";"IsResolved":true;"IsDevelopment":true}];[{"Id":"Maven-org.springframework.boot:spring-boot-starter-data-jpa-3.4.6";"Name":"org.springframework.boot:spring-boot-starter-data-jpa";"Version":"3.4.6";"IsResolved":true;"IsDevelopment":false};{"Id":"Maven-org.springframework.data:spring-data-jpa-3.4.6";"Name":"org.springframework.data:spring-data-jpa";"Version":"3.4.6";"IsResolved":true;"IsDevelopment":false};{"Id":"Maven-org.slf4j:slf4j-api-2.0.17";"Name":"org.slf4j:slf4j-api";"Version":"2.0.17";"IsResolved":true;"IsDevelopment":true}];[{"Id":"Maven-org.springframework.boot:spring-boot-starter-test-3.4.6";"Name":"org.springframework.boot:spring-boot-starter-test";"Version":"3.4.6";"IsResolved":true;"IsDevelopment":true};{"Id":"Maven-com.jayway.jsonpath:json-path-2.9.0";"Name":"com.jayway.jsonpath:json-path";"Version":"2.9.0";"IsResolved":true;"IsDevelopment":true};{"Id":"Maven-org.slf4j:slf4j-api-2.0.17";"Name":"org.slf4j:slf4j-api";"Version":"2.0.17";"IsResolved":true;"IsDevelopment":true}];[{"Id":"Maven-org.springframework.boot:spring-boot-starter-validation-3.4.6";"Name":"org.springframework.boot:spring-boot-starter-validation";"Version":"3.4.6";"IsResolved":true;"IsDevelopment":false};{"Id":"Maven-org.springframework.boot:spring-boot-starter-3.4.6";"Name":"org.springframework.boot:spring-boot-starter";"Version":"3.4.6";"IsResolved":true;"IsDevelopment":true};{"Id":"Maven-org.springframework.boot:spring-boot-starter-logging-3.4.6";"Name":"org.springframework.boot:spring-boot-starter-logging";"Version":"3.4.6";"IsResolved":true;"IsDevelopment":true};{"Id":"Maven-org.slf4j:jul-to-slf4j-2.0.17";"Name":"org.slf4j:jul-to-slf4j";"Version":"2.0.17";"IsResolved":true;"IsDevelopment":false};{"Id":"Maven-org.slf4j:slf4j-api-2.0.17";"Name":"org.slf4j:slf4j-api";"Version":"2.0.17";"IsResolved":true;"IsDevelopment":true}];[{"Id":"Maven-org.springframework.boot:spring-boot-starter-web-3.4.6";"Name":"org.springframework.boot:spring-boot-starter-web";"Version":"3.4.6";"IsResolved":true;"IsDevelopment":false};{"Id":"Maven-org.springframework.boot:spring-boot-starter-3.4.6";"Name":"org.springframework.boot:spring-boot-starter";"Version":"3.4.6";"IsResolved":true;"IsDevelopment":true};{"Id":"Maven-org.springframework.boot:spring-boot-starter-logging-3.4.6";"Name":"org.springframework.boot:spring-boot-starter-logging";"Version":"3.4.6";"IsResolved":true;"IsDevelopment":true};{"Id":"Maven-org.slf4j:jul-to-slf4j-2.0.17";"Name":"org.slf4j:jul-to-slf4j";"Version":"2.0.17";"IsResolved":true;"IsDevelopment":false};{"Id":"Maven-org.slf4j:slf4j-api-2.0.17";"Name":"org.slf4j:slf4j-api";"Version":"2.0.17";"IsResolved":true;"IsDevelopment":true}]],,,,,"Monitored",,,,
"Maven-org.springdoc:springdoc-openapi-starter-webmvc-ui-2.7.0","org.springdoc:springdoc-openapi-starter-webmvc-ui","2.7.0",,"SonaType","No",["Apache 2.0"],"Copyright 2019-2023 the original author or authors.;Copyright 2019-2024 the original author or authors.","Filename",0,0,0,0,0,23,2026-04-11T23:47:00.000Z,"3.0.3",True,2024-11-23T21:38:32.000Z,0,"NONE",["pom.xml"],"Maven",False,True,False,False,False,False,"Unused","Direct",0,False,[],,,,,"Monitored",,,,
"Maven-org.springframework:spring-aop-6.2.7","org.springframework:spring-aop","6.2.7",,"SonaType","No",["Apache 2.0"],"Copyright (c) 2000-2011 INRIA, France TelecomAll rights reserved.;Copyright (c) 1999-2009, OW2 Consortium <https://www.ow2.org/>;Copyright 2006-2019 Joe Walnes, Henri Tremblay, Leonardo Mesquita","Filename",0,0,0,0,0,24,2026-04-17T06:56:00.000Z,"7.0.7",True,2025-05-15T08:53:57.000Z,0,"NONE",["pom.xml"],"Maven",False,False,False,False,False,False,"Potentially","Transitive",0,False,[[{"Id":"Maven-net.devh:grpc-client-spring-boot-starter-3.1.0.RELEASE";"Name":"net.devh:grpc-client-spring-boot-starter";"Version":"3.1.0.RELEASE";"IsResolved":true;"IsDevelopment":false};{"Id":"Maven-org.springframework.boot:spring-boot-starter-3.4.6";"Name":"org.springframework.boot:spring-boot-starter";"Version":"3.4.6";"IsResolved":true;"IsDevelopment":true};{"Id":"Maven-org.springframework.boot:spring-boot-3.4.6";"Name":"org.springframework.boot:spring-boot";"Version":"3.4.6";"IsResolved":true;"IsDevelopment":false};{"Id":"Maven-org.springframework:spring-context-6.2.7";"Name":"org.springframework:spring-context";"Version":"6.2.7";"IsResolved":true;"IsDevelopment":true};{"Id":"Maven-org.springframework:spring-aop-6.2.7";"Name":"org.springframework:spring-aop";"Version":"6.2.7";"IsResolved":true;"IsDevelopment":true}];[{"Id":"Maven-net.devh:grpc-server-spring-boot-starter-3.1.0.RELEASE";"Name":"net.devh:grpc-server-spring-boot-starter";"Version":"3.1.0.RELEASE";"IsResolved":true;"IsDevelopment":false};{"Id":"Maven-org.springframework.boot:spring-boot-starter-3.4.6";"Name":"org.springframework.boot:spring-boot-starter";"Version":"3.4.6";"IsResolved":true;"IsDevelopment":true};{"Id":"Maven-org.springframework.boot:spring-boot-3.4.6";"Name":"org.springframework.boot:spring-boot";"Version":"3.4.6";"IsResolved":true;"IsDevelopment":false};{"Id":"Maven-org.springframework:spring-context-6.2.7";"Name":"org.springframework:spring-context";"Version":"6.2.7";"IsResolved":true;"IsDevelopment":true};{"Id":"Maven-org.springframework:spring-aop-6.2.7";"Name":"org.springframework:spring-aop";"Version":"6.2.7";"IsResolved":true;"IsDevelopment":true}];[{"Id":"Maven-org.springframework.boot:spring-boot-starter-actuator-3.4.6";"Name":"org.springframework.boot:spring-boot-starter-actuator";"Version":"3.4.6";"IsResolved":true;"IsDevelopment":false};{"Id":"Maven-org.springframework.boot:spring-boot-starter-3.4.6";"Name":"org.springframework.boot:spring-boot-starter";"Version":"3.4.6";"IsResolved":true;"IsDevelopment":true};{"Id":"Maven-org.springframework.boot:spring-boot-3.4.6";"Name":"org.springframework.boot:spring-boot";"Version":"3.4.6";"IsResolved":true;"IsDevelopment":false};{"Id":"Maven-org.springframework:spring-context-6.2.7";"Name":"org.springframework:spring-context";"Version":"6.2.7";"IsResolved":true;"IsDevelopment":true};{"Id":"Maven-org.springframework:spring-aop-6.2.7";"Name":"org.springframework:spring-aop";"Version":"6.2.7";"IsResolved":true;"IsDevelopment":true}];[{"Id":"Maven-org.springframework.boot:spring-boot-starter-data-jpa-3.4.6";"Name":"org.springframework.boot:spring-boot-starter-data-jpa";"Version":"3.4.6";"IsResolved":true;"IsDevelopment":false};{"Id":"Maven-org.springframework.data:spring-data-jpa-3.4.6";"Name":"org.springframework.data:spring-data-jpa";"Version":"3.4.6";"IsResolved":true;"IsDevelopment":false};{"Id":"Maven-org.springframework:spring-aop-6.2.7";"Name":"org.springframework:spring-aop";"Version":"6.2.7";"IsResolved":true;"IsDevelopment":true}];[{"Id":"Maven-org.springframework.boot:spring-boot-starter-test-3.4.6";"Name":"org.springframework.boot:spring-boot-starter-test";"Version":"3.4.6";"IsResolved":true;"IsDevelopment":true};{"Id":"Maven-org.springframework.boot:spring-boot-starter-3.4.6";"Name":"org.springframework.boot:spring-boot-starter";"Version":"3.4.6";"IsResolved":true;"IsDevelopment":true};{"Id":"Maven-org.springframework.boot:spring-boot-3.4.6";"Name":"org.springframework.boot:spring-boot";"Version":"3.4.6";"IsResolved":true;"IsDevelopment":false};{"Id":"Maven-org.springframework:spring-context-6.2.7";"Name":"org.springframework:spring-context";"Version":"6.2.7";"IsResolved":true;"IsDevelopment":true};{"Id":"Maven-org.springframework:spring-aop-6.2.7";"Name":"org.springframework:spring-aop";"Version":"6.2.7";"IsResolved":true;"IsDevelopment":true}];[{"Id":"Maven-org.springframework.boot:spring-boot-starter-validation-3.4.6";"Name":"org.springframework.boot:spring-boot-starter-validation";"Version":"3.4.6";"IsResolved":true;"IsDevelopment":false};{"Id":"Maven-org.springframework.boot:spring-boot-starter-3.4.6";"Name":"org.springframework.boot:spring-boot-starter";"Version":"3.4.6";"IsResolved":true;"IsDevelopment":true};{"Id":"Maven-org.springframework.boot:spring-boot-3.4.6";"Name":"org.springframework.boot:spring-boot";"Version":"3.4.6";"IsResolved":true;"IsDevelopment":false};{"Id":"Maven-org.springframework:spring-context-6.2.7";"Name":"org.springframework:spring-context";"Version":"6.2.7";"IsResolved":true;"IsDevelopment":true};{"Id":"Maven-org.springframework:spring-aop-6.2.7";"Name":"org.springframework:spring-aop";"Version":"6.2.7";"IsResolved":true;"IsDevelopment":true}];[{"Id":"Maven-org.springframework.boot:spring-boot-starter-web-3.4.6";"Name":"org.springframework.boot:spring-boot-starter-web";"Version":"3.4.6";"IsResolved":true;"IsDevelopment":false};{"Id":"Maven-org.springframework.boot:spring-boot-starter-3.4.6";"Name":"org.springframework.boot:spring-boot-starter";"Version":"3.4.6";"IsResolved":true;"IsDevelopment":true};{"Id":"Maven-org.springframework.boot:spring-boot-3.4.6";"Name":"org.springframework.boot:spring-boot";"Version":"3.4.6";"IsResolved":true;"IsDevelopment":false};{"Id":"Maven-org.springframework:spring-context-6.2.7";"Name":"org.springframework:spring-context";"Version":"6.2.7";"IsResolved":true;"IsDevelopment":true};{"Id":"Maven-org.springframework:spring-aop-6.2.7";"Name":"org.springframework:spring-aop";"Version":"6.2.7";"IsResolved":true;"IsDevelopment":true}]],,,,,"Monitored",,,,
"Maven-org.springframework:spring-aspects-6.2.7","org.springframework:spring-aspects","6.2.7",,"SonaType","No",["Apache 2.0"],"Copyright (c) 2000-2011 INRIA, France TelecomAll rights reserved.;Copyright (c) 1999-2009, OW2 Consortium <https://www.ow2.org/>;Copyright 2006-2019 Joe Walnes, Henri Tremblay, Leonardo Mesquita;Copyright 2002-2018 the original author or authors.;Copyright 2002-2012 the original author or authors.;Copyright 2002-2021 the original author or authors.;Copyright 2002-2023 the original author or authors.;Copyright 2002-2020 the original author or authors.;Copyright 2002-2024 the original author or authors.","Filename",0,0,0,0,0,24,2026-04-17T06:56:00.000Z,"7.0.7",True,2025-05-15T08:53:56.000Z,0,"NONE",["pom.xml"],"Maven",False,False,False,False,False,False,"Unused","Transitive",0,False,[[{"Id":"Maven-org.springframework.boot:spring-boot-starter-data-jpa-3.4.6";"Name":"org.springframework.boot:spring-boot-starter-data-jpa";"Version":"3.4.6";"IsResolved":true;"IsDevelopment":false};{"Id":"Maven-org.springframework:spring-aspects-6.2.7";"Name":"org.springframework:spring-aspects";"Version":"6.2.7";"IsResolved":true;"IsDevelopment":false}]],,,,,"Monitored",,,,
"Maven-org.springframework:spring-beans-6.2.17","org.springframework:spring-beans","6.2.17",,"SonaType","No",["Apache 2.0"],"Copyright (c) 2000-2011 INRIA, France TelecomAll rights reserved.;Copyright (c) 1999-2009, OW2 Consortium <https://www.ow2.org/>;Copyright 2006-2026 Joe Walnes, Henri Tremblay, Leonardo Mesquita;Copyright 2002-present the original author or authors.","Filename",0,0,0,0,0,3,2026-04-17T06:56:00.000Z,"7.0.7",True,2026-03-13T08:05:00.000Z,0,"NONE",["pom.xml"],"Maven",False,False,False,False,False,False,"Used","Transitive",0,False,[[{"Id":"Maven-org.springframework.boot:spring-boot-starter-web-3.4.6";"Name":"org.springframework.boot:spring-boot-starter-web";"Version":"3.4.6";"IsResolved":true;"IsDevelopment":false};{"Id":"Maven-org.springframework:spring-web-6.2.17";"Name":"org.springframework:spring-web";"Version":"6.2.17";"IsResolved":true;"IsDevelopment":false};{"Id":"Maven-org.springframework:spring-beans-6.2.17";"Name":"org.springframework:spring-beans";"Version":"6.2.17";"IsResolved":true;"IsDevelopment":false}]],,,,,"Monitored",,,,
"Maven-org.springframework:spring-context-6.2.7","org.springframework:spring-context","6.2.7",,"SonaType","No",["Apache 2.0"],"Copyright (c) 2000-2011 INRIA, France TelecomAll rights reserved.;Copyright (c) 1999-2009, OW2 Consortium <https://www.ow2.org/>;Copyright 2006-2019 Joe Walnes, Henri Tremblay, Leonardo Mesquita;Copyright 2002-2021 the original author or authors.;Copyright 2002-2024 the original author or authors.;Copyright 2002-2012 the original author or authors.;Copyright 2002-2017 the original author or authors.;Copyright 2002-2020 the original author or authors.;Copyright 2002-2015 the original author or authors.;Copyright 2002-2023 the original author or authors.;Copyright 2002-2016 the original author or authors.;Copyright 2002-2018 the original author or authors.;Copyright 2002-2014 the original author or authors.;Copyright 2002-2022 the original author or authors.;Copyright 2002-2013 the original author or authors.;Copyright 2002-2011 the original author or authors.;Copyright 2002-2025 the original author or authors.;Copyright 2002-2019 the original author or authors.;Copyright 2002-2009 the original author or authors.;Copyright 2002-2007 the original author or authors.;Copyright 2002-2005 the original author or authors.","Filename",0,0,0,0,0,24,2026-04-17T06:56:00.000Z,"7.0.7",True,2025-05-15T08:53:55.000Z,0,"NONE",["pom.xml"],"Maven",False,False,False,False,False,False,"Used","Transitive",0,False,[[{"Id":"Maven-net.devh:grpc-client-spring-boot-starter-3.1.0.RELEASE";"Name":"net.devh:grpc-client-spring-boot-starter";"Version":"3.1.0.RELEASE";"IsResolved":true;"IsDevelopment":false};{"Id":"Maven-org.springframework.boot:spring-boot-starter-3.4.6";"Name":"org.springframework.boot:spring-boot-starter";"Version":"3.4.6";"IsResolved":true;"IsDevelopment":true};{"Id":"Maven-org.springframework.boot:spring-boot-3.4.6";"Name":"org.springframework.boot:spring-boot";"Version":"3.4.6";"IsResolved":true;"IsDevelopment":false};{"Id":"Maven-org.springframework:spring-context-6.2.7";"Name":"org.springframework:spring-context";"Version":"6.2.7";"IsResolved":true;"IsDevelopment":true}];[{"Id":"Maven-net.devh:grpc-server-spring-boot-starter-3.1.0.RELEASE";"Name":"net.devh:grpc-server-spring-boot-starter";"Version":"3.1.0.RELEASE";"IsResolved":true;"IsDevelopment":false};{"Id":"Maven-org.springframework.boot:spring-boot-starter-3.4.6";"Name":"org.springframework.boot:spring-boot-starter";"Version":"3.4.6";"IsResolved":true;"IsDevelopment":true};{"Id":"Maven-org.springframework.boot:spring-boot-3.4.6";"Name":"org.springframework.boot:spring-boot";"Version":"3.4.6";"IsResolved":true;"IsDevelopment":false};{"Id":"Maven-org.springframework:spring-context-6.2.7";"Name":"org.springframework:spring-context";"Version":"6.2.7";"IsResolved":true;"IsDevelopment":true}];[{"Id":"Maven-org.springframework.boot:spring-boot-starter-actuator-3.4.6";"Name":"org.springframework.boot:spring-boot-starter-actuator";"Version":"3.4.6";"IsResolved":true;"IsDevelopment":false};{"Id":"Maven-org.springframework.boot:spring-boot-starter-3.4.6";"Name":"org.springframework.boot:spring-boot-starter";"Version":"3.4.6";"IsResolved":true;"IsDevelopment":true};{"Id":"Maven-org.springframework.boot:spring-boot-3.4.6";"Name":"org.springframework.boot:spring-boot";"Version":"3.4.6";"IsResolved":true;"IsDevelopment":false};{"Id":"Maven-org.springframework:spring-context-6.2.7";"Name":"org.springframework:spring-context";"Version":"6.2.7";"IsResolved":true;"IsDevelopment":true}];[{"Id":"Maven-org.springframework.boot:spring-boot-starter-data-jpa-3.4.6";"Name":"org.springframework.boot:spring-boot-starter-data-jpa";"Version":"3.4.6";"IsResolved":true;"IsDevelopment":false};{"Id":"Maven-org.springframework.data:spring-data-jpa-3.4.6";"Name":"org.springframework.data:spring-data-jpa";"Version":"3.4.6";"IsResolved":true;"IsDevelopment":false};{"Id":"Maven-org.springframework:spring-context-6.2.7";"Name":"org.springframework:spring-context";"Version":"6.2.7";"IsResolved":true;"IsDevelopment":true}];[{"Id":"Maven-org.springframework.boot:spring-boot-starter-test-3.4.6";"Name":"org.springframework.boot:spring-boot-starter-test";"Version":"3.4.6";"IsResolved":true;"IsDevelopment":true};{"Id":"Maven-org.springframework.boot:spring-boot-starter-3.4.6";"Name":"org.springframework.boot:spring-boot-starter";"Version":"3.4.6";"IsResolved":true;"IsDevelopment":true};{"Id":"Maven-org.springframework.boot:spring-boot-3.4.6";"Name":"org.springframework.boot:spring-boot";"Version":"3.4.6";"IsResolved":true;"IsDevelopment":false};{"Id":"Maven-org.springframework:spring-context-6.2.7";"Name":"org.springframework:spring-context";"Version":"6.2.7";"IsResolved":true;"IsDevelopment":true}];[{"Id":"Maven-org.springframework.boot:spring-boot-starter-validation-3.4.6";"Name":"org.springframework.boot:spring-boot-starter-validation";"Version":"3.4.6";"IsResolved":true;"IsDevelopment":false};{"Id":"Maven-org.springframework.boot:spring-boot-starter-3.4.6";"Name":"org.springframework.boot:spring-boot-starter";"Version":"3.4.6";"IsResolved":true;"IsDevelopment":true};{"Id":"Maven-org.springframework.boot:spring-boot-3.4.6";"Name":"org.springframework.boot:spring-boot";"Version":"3.4.6";"IsResolved":true;"IsDevelopment":false};{"Id":"Maven-org.springframework:spring-context-6.2.7";"Name":"org.springframework:spring-context";"Version":"6.2.7";"IsResolved":true;"IsDevelopment":true}];[{"Id":"Maven-org.springframework.boot:spring-boot-starter-web-3.4.6";"Name":"org.springframework.boot:spring-boot-starter-web";"Version":"3.4.6";"IsResolved":true;"IsDevelopment":false};{"Id":"Maven-org.springframework.boot:spring-boot-starter-3.4.6";"Name":"org.springframework.boot:spring-boot-starter";"Version":"3.4.6";"IsResolved":true;"IsDevelopment":true};{"Id":"Maven-org.springframework.boot:spring-boot-3.4.6";"Name":"org.springframework.boot:spring-boot";"Version":"3.4.6";"IsResolved":true;"IsDevelopment":false};{"Id":"Maven-org.springframework:spring-context-6.2.7";"Name":"org.springframework:spring-context";"Version":"6.2.7";"IsResolved":true;"IsDevelopment":true}]],,,,,"Monitored",,,,
"Maven-org.springframework:spring-core-6.2.17","org.springframework:spring-core","6.2.17",,"SonaType","No",["Apache 2.0"],"Copyright (c) 2000-2011 INRIA, France TelecomAll rights reserved.;Copyright (c) 1999-2009, OW2 Consortium <https://www.ow2.org/>;Copyright 2006-2026 Joe Walnes, Henri Tremblay, Leonardo Mesquita;Copyright 2003 The Apache Software Foundation;Copyright 2003,2004 The Apache Software Foundation;Copyright 2002-present the original author or authors.;Copyright 2004 The Apache Software Foundation;Copyright 2002,2003 The Apache Software Foundation;Copyright 2011 The Apache Software Foundation;Copyright 2002,2003,2004 The Apache Software Foundation;Copyright (c) 2000-2005 INRIA, France Telecom All rights reserved.;Copyright (c) 2000-2011 INRIA, France Telecom// All rights reserved.;Copyright 2012-present the original author or authors.;Copyright (C) 2015 Square, Inc.;Copyright (C) 2014 Google, Inc.;Copyright (C) 2016 Square, Inc.;Copyright 2006-2026 the original author or authors.;Copyright 2006-2021 the original author or authors.","Filename",0,0,0,0,0,3,2026-04-17T06:56:00.000Z,"7.0.7",True,2026-03-13T08:05:00.000Z,0,"NONE",["pom.xml"],"Maven",False,False,False,False,False,False,"Used","Transitive",0,False,[[{"Id":"Maven-net.devh:grpc-client-spring-boot-starter-3.1.0.RELEASE";"Name":"net.devh:grpc-client-spring-boot-starter";"Version":"3.1.0.RELEASE";"IsResolved":true;"IsDevelopment":false};{"Id":"Maven-org.springframework.boot:spring-boot-starter-3.4.6";"Name":"org.springframework.boot:spring-boot-starter";"Version":"3.4.6";"IsResolved":true;"IsDevelopment":true};{"Id":"Maven-org.springframework:spring-core-6.2.17";"Name":"org.springframework:spring-core";"Version":"6.2.17";"IsResolved":true;"IsDevelopment":false}];[{"Id":"Maven-net.devh:grpc-server-spring-boot-starter-3.1.0.RELEASE";"Name":"net.devh:grpc-server-spring-boot-starter";"Version":"3.1.0.RELEASE";"IsResolved":true;"IsDevelopment":false};{"Id":"Maven-org.springframework.boot:spring-boot-starter-3.4.6";"Name":"org.springframework.boot:spring-boot-starter";"Version":"3.4.6";"IsResolved":true;"IsDevelopment":true};{"Id":"Maven-org.springframework:spring-core-6.2.17";"Name":"org.springframework:spring-core";"Version":"6.2.17";"IsResolved":true;"IsDevelopment":false}];[{"Id":"Maven-org.springframework.boot:spring-boot-starter-actuator-3.4.6";"Name":"org.springframework.boot:spring-boot-starter-actuator";"Version":"3.4.6";"IsResolved":true;"IsDevelopment":false};{"Id":"Maven-org.springframework.boot:spring-boot-starter-3.4.6";"Name":"org.springframework.boot:spring-boot-starter";"Version":"3.4.6";"IsResolved":true;"IsDevelopment":true};{"Id":"Maven-org.springframework:spring-core-6.2.17";"Name":"org.springframework:spring-core";"Version":"6.2.17";"IsResolved":true;"IsDevelopment":false}];[{"Id":"Maven-org.springframework.boot:spring-boot-starter-data-jpa-3.4.6";"Name":"org.springframework.boot:spring-boot-starter-data-jpa";"Version":"3.4.6";"IsResolved":true;"IsDevelopment":false};{"Id":"Maven-org.springframework.boot:spring-boot-starter-3.4.6";"Name":"org.springframework.boot:spring-boot-starter";"Version":"3.4.6";"IsResolved":true;"IsDevelopment":true};{"Id":"Maven-org.springframework:spring-core-6.2.17";"Name":"org.springframework:spring-core";"Version":"6.2.17";"IsResolved":true;"IsDevelopment":false}];[{"Id":"Maven-org.springframework.boot:spring-boot-starter-test-3.4.6";"Name":"org.springframework.boot:spring-boot-starter-test";"Version":"3.4.6";"IsResolved":true;"IsDevelopment":true};{"Id":"Maven-org.springframework:spring-core-6.2.17";"Name":"org.springframework:spring-core";"Version":"6.2.17";"IsResolved":true;"IsDevelopment":false}];[{"Id":"Maven-org.springframework.boot:spring-boot-starter-validation-3.4.6";"Name":"org.springframework.boot:spring-boot-starter-validation";"Version":"3.4.6";"IsResolved":true;"IsDevelopment":false};{"Id":"Maven-org.springframework.boot:spring-boot-starter-3.4.6";"Name":"org.springframework.boot:spring-boot-starter";"Version":"3.4.6";"IsResolved":true;"IsDevelopment":true};{"Id":"Maven-org.springframework:spring-core-6.2.17";"Name":"org.springframework:spring-core";"Version":"6.2.17";"IsResolved":true;"IsDevelopment":false}];[{"Id":"Maven-org.springframework.boot:spring-boot-starter-web-3.4.6";"Name":"org.springframework.boot:spring-boot-starter-web";"Version":"3.4.6";"IsResolved":true;"IsDevelopment":false};{"Id":"Maven-org.springframework.boot:spring-boot-starter-3.4.6";"Name":"org.springframework.boot:spring-boot-starter";"Version":"3.4.6";"IsResolved":true;"IsDevelopment":true};{"Id":"Maven-org.springframework:spring-core-6.2.17";"Name":"org.springframework:spring-core";"Version":"6.2.17";"IsResolved":true;"IsDevelopment":false}]],,,,,"Monitored",,,,
"Maven-org.springframework:spring-expression-6.2.17","org.springframework:spring-expression","6.2.17",,"SonaType","No",["Apache 2.0"],"Copyright (c) 2000-2011 INRIA, France TelecomAll rights reserved.;Copyright (c) 1999-2009, OW2 Consortium <https://www.ow2.org/>;Copyright 2006-2026 Joe Walnes, Henri Tremblay, Leonardo Mesquita;Copyright 2002-present the original author or authors.","Filename",0,0,0,0,0,3,2026-04-17T06:56:00.000Z,"7.0.7",True,2026-03-13T08:05:00.000Z,0,"NONE",["pom.xml"],"Maven",False,False,False,False,False,False,"Potentially","Transitive",0,False,[[{"Id":"Maven-org.springframework.boot:spring-boot-starter-web-3.4.6";"Name":"org.springframework.boot:spring-boot-starter-web";"Version":"3.4.6";"IsResolved":true;"IsDevelopment":false};{"Id":"Maven-org.springframework:spring-webmvc-6.2.17";"Name":"org.springframework:spring-webmvc";"Version":"6.2.17";"IsResolved":true;"IsDevelopment":false};{"Id":"Maven-org.springframework:spring-expression-6.2.17";"Name":"org.springframework:spring-expression";"Version":"6.2.17";"IsResolved":true;"IsDevelopment":false}]],,,,,"Monitored",,,,
"Maven-org.springframework:spring-jcl-6.2.17","org.springframework:spring-jcl","6.2.17",,"SonaType","No",["Apache 2.0"],"Copyright (c) 2000-2011 INRIA, France TelecomAll rights reserved.;Copyright (c) 1999-2009, OW2 Consortium <https://www.ow2.org/>;Copyright 2006-2026 Joe Walnes, Henri Tremblay, Leonardo Mesquita;Copyright 2002-present the original author or authors.","Filename",0,0,0,0,0,1,2026-04-17T06:57:00.000Z,"6.2.18",True,2026-03-13T08:05:00.000Z,0,"NONE",["pom.xml"],"Maven",False,False,False,False,False,False,"Potentially","Transitive",0,False,[[{"Id":"Maven-net.devh:grpc-client-spring-boot-starter-3.1.0.RELEASE";"Name":"net.devh:grpc-client-spring-boot-starter";"Version":"3.1.0.RELEASE";"IsResolved":true;"IsDevelopment":false};{"Id":"Maven-org.springframework.boot:spring-boot-starter-3.4.6";"Name":"org.springframework.boot:spring-boot-starter";"Version":"3.4.6";"IsResolved":true;"IsDevelopment":true};{"Id":"Maven-org.springframework:spring-core-6.2.17";"Name":"org.springframework:spring-core";"Version":"6.2.17";"IsResolved":true;"IsDevelopment":false};{"Id":"Maven-org.springframework:spring-jcl-6.2.17";"Name":"org.springframework:spring-jcl";"Version":"6.2.17";"IsResolved":true;"IsDevelopment":true}];[{"Id":"Maven-net.devh:grpc-server-spring-boot-starter-3.1.0.RELEASE";"Name":"net.devh:grpc-server-spring-boot-starter";"Version":"3.1.0.RELEASE";"IsResolved":true;"IsDevelopment":false};{"Id":"Maven-org.springframework.boot:spring-boot-starter-3.4.6";"Name":"org.springframework.boot:spring-boot-starter";"Version":"3.4.6";"IsResolved":true;"IsDevelopment":true};{"Id":"Maven-org.springframework:spring-core-6.2.17";"Name":"org.springframework:spring-core";"Version":"6.2.17";"IsResolved":true;"IsDevelopment":false};{"Id":"Maven-org.springframework:spring-jcl-6.2.17";"Name":"org.springframework:spring-jcl";"Version":"6.2.17";"IsResolved":true;"IsDevelopment":true}];[{"Id":"Maven-org.springframework.boot:spring-boot-starter-actuator-3.4.6";"Name":"org.springframework.boot:spring-boot-starter-actuator";"Version":"3.4.6";"IsResolved":true;"IsDevelopment":false};{"Id":"Maven-org.springframework.boot:spring-boot-starter-3.4.6";"Name":"org.springframework.boot:spring-boot-starter";"Version":"3.4.6";"IsResolved":true;"IsDevelopment":true};{"Id":"Maven-org.springframework:spring-core-6.2.17";"Name":"org.springframework:spring-core";"Version":"6.2.17";"IsResolved":true;"IsDevelopment":false};{"Id":"Maven-org.springframework:spring-jcl-6.2.17";"Name":"org.springframework:spring-jcl";"Version":"6.2.17";"IsResolved":true;"IsDevelopment":true}];[{"Id":"Maven-org.springframework.boot:spring-boot-starter-data-jpa-3.4.6";"Name":"org.springframework.boot:spring-boot-starter-data-jpa";"Version":"3.4.6";"IsResolved":true;"IsDevelopment":false};{"Id":"Maven-org.springframework.boot:spring-boot-starter-3.4.6";"Name":"org.springframework.boot:spring-boot-starter";"Version":"3.4.6";"IsResolved":true;"IsDevelopment":true};{"Id":"Maven-org.springframework:spring-core-6.2.17";"Name":"org.springframework:spring-core";"Version":"6.2.17";"IsResolved":true;"IsDevelopment":false};{"Id":"Maven-org.springframework:spring-jcl-6.2.17";"Name":"org.springframework:spring-jcl";"Version":"6.2.17";"IsResolved":true;"IsDevelopment":true}];[{"Id":"Maven-org.springframework.boot:spring-boot-starter-test-3.4.6";"Name":"org.springframework.boot:spring-boot-starter-test";"Version":"3.4.6";"IsResolved":true;"IsDevelopment":true};{"Id":"Maven-org.springframework:spring-core-6.2.17";"Name":"org.springframework:spring-core";"Version":"6.2.17";"IsResolved":true;"IsDevelopment":false};{"Id":"Maven-org.springframework:spring-jcl-6.2.17";"Name":"org.springframework:spring-jcl";"Version":"6.2.17";"IsResolved":true;"IsDevelopment":true}];[{"Id":"Maven-org.springframework.boot:spring-boot-starter-validation-3.4.6";"Name":"org.springframework.boot:spring-boot-starter-validation";"Version":"3.4.6";"IsResolved":true;"IsDevelopment":false};{"Id":"Maven-org.springframework.boot:spring-boot-starter-3.4.6";"Name":"org.springframework.boot:spring-boot-starter";"Version":"3.4.6";"IsResolved":true;"IsDevelopment":true};{"Id":"Maven-org.springframework:spring-core-6.2.17";"Name":"org.springframework:spring-core";"Version":"6.2.17";"IsResolved":true;"IsDevelopment":false};{"Id":"Maven-org.springframework:spring-jcl-6.2.17";"Name":"org.springframework:spring-jcl";"Version":"6.2.17";"IsResolved":true;"IsDevelopment":true}];[{"Id":"Maven-org.springframework.boot:spring-boot-starter-web-3.4.6";"Name":"org.springframework.boot:spring-boot-starter-web";"Version":"3.4.6";"IsResolved":true;"IsDevelopment":false};{"Id":"Maven-org.springframework.boot:spring-boot-starter-3.4.6";"Name":"org.springframework.boot:spring-boot-starter";"Version":"3.4.6";"IsResolved":true;"IsDevelopment":true};{"Id":"Maven-org.springframework:spring-core-6.2.17";"Name":"org.springframework:spring-core";"Version":"6.2.17";"IsResolved":true;"IsDevelopment":false};{"Id":"Maven-org.springframework:spring-jcl-6.2.17";"Name":"org.springframework:spring-jcl";"Version":"6.2.17";"IsResolved":true;"IsDevelopment":true}]],,,,,"Monitored",,,,
"Maven-org.springframework:spring-jdbc-6.2.7","org.springframework:spring-jdbc","6.2.7",,"SonaType","No",["Apache 2.0"],"Copyright (c) 2000-2011 INRIA, France TelecomAll rights reserved.;Copyright (c) 1999-2009, OW2 Consortium <https://www.ow2.org/>;Copyright 2006-2019 Joe Walnes, Henri Tremblay, Leonardo Mesquita;Copyright 2002-2023 the original author or authors.;Copyright 2002-2020 the original author or authors.;Copyright 2002-2018 the original author or authors.;Copyright 2002-2024 the original author or authors.;Copyright 2002-2025 the original author or authors.;Copyright 2002-2012 the original author or authors.;Copyright 2002-2021 the original author or authors.;Copyright 2002-2017 the original author or authors.;Copyright 2002-2022 the original author or authors.;Copyright 2002-2008 the original author or authors.;Copyright 2002-2019 the original author or authors.;Copyright 2002-2016 the original author or authors.;Copyright 2002-2015 the original author or authors.;Copyright 2002-2014 the original author or authors.;Copyright 2002-2007 the original author or authors.","Filename",0,0,0,0,0,24,2026-04-17T06:56:00.000Z,"7.0.7",True,2025-05-15T08:53:48.000Z,0,"NONE",["pom.xml"],"Maven",False,False,False,False,False,False,"Used","Transitive",0,False,[[{"Id":"Maven-org.springframework.boot:spring-boot-starter-data-jpa-3.4.6";"Name":"org.springframework.boot:spring-boot-starter-data-jpa";"Version":"3.4.6";"IsResolved":true;"IsDevelopment":false};{"Id":"Maven-org.springframework.boot:spring-boot-starter-jdbc-3.4.6";"Name":"org.springframework.boot:spring-boot-starter-jdbc";"Version":"3.4.6";"IsResolved":true;"IsDevelopment":false};{"Id":"Maven-org.springframework:spring-jdbc-6.2.7";"Name":"org.springframework:spring-jdbc";"Version":"6.2.7";"IsResolved":true;"IsDevelopment":false}]],,,,,"Monitored",,,,
"Maven-org.springframework:spring-orm-6.2.7","org.springframework:spring-orm","6.2.7",,"SonaType","No",["Apache 2.0"],"Copyright (c) 2000-2011 INRIA, France TelecomAll rights reserved.;Copyright (c) 1999-2009, OW2 Consortium <https://www.ow2.org/>;Copyright 2006-2019 Joe Walnes, Henri Tremblay, Leonardo Mesquita;Copyright 2002-2017 the original author or authors.;Copyright 2002-2023 the original author or authors.;Copyright 2002-2018 the original author or authors.;Copyright 2002-2022 the original author or authors.;Copyright 2002-2020 the original author or authors.;Copyright 2002-2021 the original author or authors.;Copyright 2002-2024 the original author or authors.;Copyright 2002-2015 the original author or authors.;Copyright 2002-2012 the original author or authors.;Copyright 2002-2016 the original author or authors.;Copyright 2002-2014 the original author or authors.;Copyright 2002-2025 the original author or authors.","Filename",0,0,0,0,0,24,2026-04-17T06:56:00.000Z,"7.0.7",True,2025-05-15T08:53:45.000Z,0,"NONE",["pom.xml"],"Maven",False,False,False,False,False,False,"Potentially","Transitive",0,False,[[{"Id":"Maven-org.springframework.boot:spring-boot-starter-data-jpa-3.4.6";"Name":"org.springframework.boot:spring-boot-starter-data-jpa";"Version":"3.4.6";"IsResolved":true;"IsDevelopment":false};{"Id":"Maven-org.springframework.data:spring-data-jpa-3.4.6";"Name":"org.springframework.data:spring-data-jpa";"Version":"3.4.6";"IsResolved":true;"IsDevelopment":false};{"Id":"Maven-org.springframework:spring-orm-6.2.7";"Name":"org.springframework:spring-orm";"Version":"6.2.7";"IsResolved":true;"IsDevelopment":false}]],,,,,"Monitored",,,,
"Maven-org.springframework:spring-test-6.2.7","org.springframework:spring-test","6.2.7",,"SonaType","No",["Apache 2.0"],"Copyright (c) 2000-2011 INRIA, France TelecomAll rights reserved.;Copyright (c) 1999-2009, OW2 Consortium <https://www.ow2.org/>;Copyright 2006-2019 Joe Walnes, Henri Tremblay, Leonardo Mesquita;Copyright 2002-2024 the original author or authors.;Copyright 2002-2025 the original author or authors.;Copyright 2002-2019 the original author or authors.;Copyright 2002-2021 the original author or authors.;Copyright 2002-2022 the original author or authors.;Copyright 2002-2012 the original author or authors.;Copyright 2002-2023 the original author or authors.;Copyright 2002-2017 the original author or authors.;Copyright 2002-2018 the original author or authors.;Copyright 2002-2020 the original author or authors.;Copyright 2002-2016 the original author or authors.;Copyright 2002-2015 the original author or authors.;Copyright 2002-2014 the original author or authors.","Filename",0,0,0,0,0,24,2026-04-17T06:56:00.000Z,"7.0.7",True,2025-05-15T08:53:43.000Z,0,"NONE",["pom.xml"],"Maven",False,False,True,False,False,False,"Used","Transitive",0,False,[[{"Id":"Maven-org.springframework.boot:spring-boot-starter-test-3.4.6";"Name":"org.springframework.boot:spring-boot-starter-test";"Version":"3.4.6";"IsResolved":true;"IsDevelopment":true};{"Id":"Maven-org.springframework:spring-test-6.2.7";"Name":"org.springframework:spring-test";"Version":"6.2.7";"IsResolved":true;"IsDevelopment":true}]],,,,,"Monitored",,,,
"Maven-org.springframework:spring-tx-6.2.7","org.springframework:spring-tx","6.2.7",,"SonaType","No",["Apache 2.0"],"Copyright (c) 2000-2011 INRIA, France TelecomAll rights reserved.;Copyright (c) 1999-2009, OW2 Consortium <https://www.ow2.org/>;Copyright 2006-2019 Joe Walnes, Henri Tremblay, Leonardo Mesquita;Copyright 2002-2023 the original author or authors.;Copyright 2002-2017 the original author or authors.;Copyright 2002-2021 the original author or authors.;Copyright 2002-2012 the original author or authors.;Copyright 2002-2025 the original author or authors.;Copyright 2002-2024 the original author or authors.;Copyright 2002-2022 the original author or authors.;Copyright 2002-2018 the original author or authors.;Copyright 2002-2016 the original author or authors.;Copyright 2002-2019 the original author or authors.;Copyright 2002-2020 the original author or authors.;Copyright 2002-2015 the original author or authors.;Copyright 2002-2008 the original author or authors.","Filename",0,0,0,0,0,24,2026-04-17T06:56:00.000Z,"7.0.7",True,2025-05-15T08:53:42.000Z,0,"NONE",["pom.xml"],"Maven",False,False,False,False,False,False,"Used","Transitive",0,False,[[{"Id":"Maven-org.springframework.boot:spring-boot-starter-data-jpa-3.4.6";"Name":"org.springframework.boot:spring-boot-starter-data-jpa";"Version":"3.4.6";"IsResolved":true;"IsDevelopment":false};{"Id":"Maven-org.springframework.data:spring-data-jpa-3.4.6";"Name":"org.springframework.data:spring-data-jpa";"Version":"3.4.6";"IsResolved":true;"IsDevelopment":false};{"Id":"Maven-org.springframework:spring-tx-6.2.7";"Name":"org.springframework:spring-tx";"Version":"6.2.7";"IsResolved":true;"IsDevelopment":false}]],,,,,"Monitored",,,,
"Maven-org.springframework:spring-web-6.2.17","org.springframework:spring-web","6.2.17",,"SonaType","No",["Apache 2.0"],"Copyright (c) 2000-2011 INRIA, France TelecomAll rights reserved.;Copyright (c) 1999-2009, OW2 Consortium <https://www.ow2.org/>;Copyright 2006-2026 Joe Walnes, Henri Tremblay, Leonardo Mesquita;Copyright 2002-present the original author or authors.;Copyright 2023-present the original author or authors.","Filename",0,0,0,0,0,3,2026-04-17T06:56:00.000Z,"7.0.7",True,2026-03-13T08:05:00.000Z,0,"NONE",["pom.xml"],"Maven",False,False,False,False,False,False,"Used","Transitive",0,False,[[{"Id":"Maven-org.springframework.boot:spring-boot-starter-web-3.4.6";"Name":"org.springframework.boot:spring-boot-starter-web";"Version":"3.4.6";"IsResolved":true;"IsDevelopment":false};{"Id":"Maven-org.springframework:spring-web-6.2.17";"Name":"org.springframework:spring-web";"Version":"6.2.17";"IsResolved":true;"IsDevelopment":false}]],,,,,"Monitored",,,,
"Maven-org.springframework:spring-webmvc-6.2.17","org.springframework:spring-webmvc","6.2.17",,"SonaType","No",["Apache 2.0"],"Copyright (c) 2000-2011 INRIA, France TelecomAll rights reserved.;Copyright (c) 1999-2009, OW2 Consortium <https://www.ow2.org/>;Copyright 2006-2026 Joe Walnes, Henri Tremblay, Leonardo Mesquita;Copyright 2002-present the original author or authors.","Filename",0,0,0,0,0,3,2026-04-17T06:56:00.000Z,"7.0.7",True,2026-03-13T08:05:00.000Z,0,"NONE",["pom.xml"],"Maven",False,False,False,False,False,False,"Used","Transitive",0,False,[[{"Id":"Maven-org.springframework.boot:spring-boot-starter-web-3.4.6";"Name":"org.springframework.boot:spring-boot-starter-web";"Version":"3.4.6";"IsResolved":true;"IsDevelopment":false};{"Id":"Maven-org.springframework:spring-webmvc-6.2.17";"Name":"org.springframework:spring-webmvc";"Version":"6.2.17";"IsResolved":true;"IsDevelopment":false}]],,,,,"Monitored",,,,
"Maven-org.springframework.boot:spring-boot-3.4.6","org.springframework.boot:spring-boot","3.4.6",,"SonaType","No",["Apache 2.0"],"Copyright (c) 2012-2025 VMware, Inc.;Copyright 2012-2024 the original author or authors.;Copyright 2012-2022 the original author or authors.;Copyright 2012-2019 the original author or authors.;Copyright 2012-2021 the original author or authors.;Copyright 2012-2025 the original author or authors.;Copyright 2012-2023 the original author or authors.;Copyright 2012-2020 the original author or authors.;Copyright 2019-2023 the original author or authors.;Copyright 2002-2022 the original author or authors.;Copyright 2002-2021 the original author or authors.;Copyright 2002-2020 the original author or authors.","Filename",0,0,0,0,0,36,2026-03-26T10:02:00.000Z,"4.1.0-M4",True,2025-05-22T11:55:49.000Z,0,"NONE",["pom.xml"],"Maven",False,False,False,False,False,False,"Used","Transitive",0,False,[[{"Id":"Maven-net.devh:grpc-client-spring-boot-starter-3.1.0.RELEASE";"Name":"net.devh:grpc-client-spring-boot-starter";"Version":"3.1.0.RELEASE";"IsResolved":true;"IsDevelopment":false};{"Id":"Maven-org.springframework.boot:spring-boot-starter-3.4.6";"Name":"org.springframework.boot:spring-boot-starter";"Version":"3.4.6";"IsResolved":true;"IsDevelopment":true};{"Id":"Maven-org.springframework.boot:spring-boot-3.4.6";"Name":"org.springframework.boot:spring-boot";"Version":"3.4.6";"IsResolved":true;"IsDevelopment":false}];[{"Id":"Maven-net.devh:grpc-server-spring-boot-starter-3.1.0.RELEASE";"Name":"net.devh:grpc-server-spring-boot-starter";"Version":"3.1.0.RELEASE";"IsResolved":true;"IsDevelopment":false};{"Id":"Maven-org.springframework.boot:spring-boot-starter-3.4.6";"Name":"org.springframework.boot:spring-boot-starter";"Version":"3.4.6";"IsResolved":true;"IsDevelopment":true};{"Id":"Maven-org.springframework.boot:spring-boot-3.4.6";"Name":"org.springframework.boot:spring-boot";"Version":"3.4.6";"IsResolved":true;"IsDevelopment":false}];[{"Id":"Maven-org.springframework.boot:spring-boot-starter-actuator-3.4.6";"Name":"org.springframework.boot:spring-boot-starter-actuator";"Version":"3.4.6";"IsResolved":true;"IsDevelopment":false};{"Id":"Maven-org.springframework.boot:spring-boot-starter-3.4.6";"Name":"org.springframework.boot:spring-boot-starter";"Version":"3.4.6";"IsResolved":true;"IsDevelopment":true};{"Id":"Maven-org.springframework.boot:spring-boot-3.4.6";"Name":"org.springframework.boot:spring-boot";"Version":"3.4.6";"IsResolved":true;"IsDevelopment":false}];[{"Id":"Maven-org.springframework.boot:spring-boot-starter-data-jpa-3.4.6";"Name":"org.springframework.boot:spring-boot-starter-data-jpa";"Version":"3.4.6";"IsResolved":true;"IsDevelopment":false};{"Id":"Maven-org.springframework.boot:spring-boot-starter-3.4.6";"Name":"org.springframework.boot:spring-boot-starter";"Version":"3.4.6";"IsResolved":true;"IsDevelopment":true};{"Id":"Maven-org.springframework.boot:spring-boot-3.4.6";"Name":"org.springframework.boot:spring-boot";"Version":"3.4.6";"IsResolved":true;"IsDevelopment":false}];[{"Id":"Maven-org.springframework.boot:spring-boot-starter-test-3.4.6";"Name":"org.springframework.boot:spring-boot-starter-test";"Version":"3.4.6";"IsResolved":true;"IsDevelopment":true};{"Id":"Maven-org.springframework.boot:spring-boot-starter-3.4.6";"Name":"org.springframework.boot:spring-boot-starter";"Version":"3.4.6";"IsResolved":true;"IsDevelopment":true};{"Id":"Maven-org.springframework.boot:spring-boot-3.4.6";"Name":"org.springframework.boot:spring-boot";"Version":"3.4.6";"IsResolved":true;"IsDevelopment":false}];[{"Id":"Maven-org.springframework.boot:spring-boot-starter-validation-3.4.6";"Name":"org.springframework.boot:spring-boot-starter-validation";"Version":"3.4.6";"IsResolved":true;"IsDevelopment":false};{"Id":"Maven-org.springframework.boot:spring-boot-starter-3.4.6";"Name":"org.springframework.boot:spring-boot-starter";"Version":"3.4.6";"IsResolved":true;"IsDevelopment":true};{"Id":"Maven-org.springframework.boot:spring-boot-3.4.6";"Name":"org.springframework.boot:spring-boot";"Version":"3.4.6";"IsResolved":true;"IsDevelopment":false}];[{"Id":"Maven-org.springframework.boot:spring-boot-starter-web-3.4.6";"Name":"org.springframework.boot:spring-boot-starter-web";"Version":"3.4.6";"IsResolved":true;"IsDevelopment":false};{"Id":"Maven-org.springframework.boot:spring-boot-starter-3.4.6";"Name":"org.springframework.boot:spring-boot-starter";"Version":"3.4.6";"IsResolved":true;"IsDevelopment":true};{"Id":"Maven-org.springframework.boot:spring-boot-3.4.6";"Name":"org.springframework.boot:spring-boot";"Version":"3.4.6";"IsResolved":true;"IsDevelopment":false}]],,,,,"Monitored",,,,
"Maven-org.springframework.boot:spring-boot-actuator-3.4.6","org.springframework.boot:spring-boot-actuator","3.4.6",,"SonaType","No",["Apache 2.0"],"Copyright (c) 2012-2025 VMware, Inc.;Copyright 2012-2020 the original author or authors.;Copyright 2012-2023 the original author or authors.;Copyright 2012-2019 the original author or authors.;Copyright 2012-2021 the original author or authors.;Copyright 2012-2022 the original author or authors.;Copyright 2012-2024 the original author or authors.;Copyright 2012-2025 the original author or authors.","Filename",0,0,0,0,0,36,2026-03-26T10:02:00.000Z,"4.1.0-M4",True,2025-05-22T11:55:42.000Z,0,"NONE",["pom.xml"],"Maven",False,False,False,False,False,False,"Used","Transitive",0,False,[[{"Id":"Maven-org.springframework.boot:spring-boot-starter-actuator-3.4.6";"Name":"org.springframework.boot:spring-boot-starter-actuator";"Version":"3.4.6";"IsResolved":true;"IsDevelopment":false};{"Id":"Maven-org.springframework.boot:spring-boot-actuator-autoconfigure-3.4.6";"Name":"org.springframework.boot:spring-boot-actuator-autoconfigure";"Version":"3.4.6";"IsResolved":true;"IsDevelopment":false};{"Id":"Maven-org.springframework.boot:spring-boot-actuator-3.4.6";"Name":"org.springframework.boot:spring-boot-actuator";"Version":"3.4.6";"IsResolved":true;"IsDevelopment":false}]],,,,,"Monitored",,,,
"Maven-org.springframework.boot:spring-boot-actuator-autoconfigure-3.4.6","org.springframework.boot:spring-boot-actuator-autoconfigure","3.4.6",,"SonaType","No",["Apache 2.0"],"Copyright (c) 2012-2025 VMware, Inc.;Copyright 2012-2023 the original author or authors.;Copyright 2012-2022 the original author or authors.;Copyright 2012-2019 the original author or authors.;Copyright 2012-2024 the original author or authors.;Copyright 2012-2025 the original author or authors.;Copyright 2012-2021 the original author or authors.;Copyright 2012-2020 the original author or authors.","Filename",0,0,0,0,0,36,2026-03-26T10:02:00.000Z,"4.1.0-M4",True,2025-05-22T11:55:33.000Z,0,"NONE",["pom.xml"],"Maven",False,False,False,False,False,False,"Used","Transitive",0,False,[[{"Id":"Maven-org.springframework.boot:spring-boot-starter-actuator-3.4.6";"Name":"org.springframework.boot:spring-boot-starter-actuator";"Version":"3.4.6";"IsResolved":true;"IsDevelopment":false};{"Id":"Maven-org.springframework.boot:spring-boot-actuator-autoconfigure-3.4.6";"Name":"org.springframework.boot:spring-boot-actuator-autoconfigure";"Version":"3.4.6";"IsResolved":true;"IsDevelopment":false}]],,,,,"Monitored",,,,
"Maven-org.springframework.boot:spring-boot-autoconfigure-3.4.6","org.springframework.boot:spring-boot-autoconfigure","3.4.6",,"SonaType","No",["Apache 2.0"],"Copyright (c) 2012-2025 VMware, Inc.","Filename",0,0,0,0,0,36,2026-03-26T10:02:00.000Z,"4.1.0-M4",True,2025-05-22T11:55:14.000Z,0,"NONE",["pom.xml"],"Maven",False,False,False,False,False,False,"Used","Transitive",0,False,[[{"Id":"Maven-net.devh:grpc-client-spring-boot-starter-3.1.0.RELEASE";"Name":"net.devh:grpc-client-spring-boot-starter";"Version":"3.1.0.RELEASE";"IsResolved":true;"IsDevelopment":false};{"Id":"Maven-org.springframework.boot:spring-boot-starter-3.4.6";"Name":"org.springframework.boot:spring-boot-starter";"Version":"3.4.6";"IsResolved":true;"IsDevelopment":true};{"Id":"Maven-org.springframework.boot:spring-boot-autoconfigure-3.4.6";"Name":"org.springframework.boot:spring-boot-autoconfigure";"Version":"3.4.6";"IsResolved":true;"IsDevelopment":false}];[{"Id":"Maven-net.devh:grpc-server-spring-boot-starter-3.1.0.RELEASE";"Name":"net.devh:grpc-server-spring-boot-starter";"Version":"3.1.0.RELEASE";"IsResolved":true;"IsDevelopment":false};{"Id":"Maven-org.springframework.boot:spring-boot-starter-3.4.6";"Name":"org.springframework.boot:spring-boot-starter";"Version":"3.4.6";"IsResolved":true;"IsDevelopment":true};{"Id":"Maven-org.springframework.boot:spring-boot-autoconfigure-3.4.6";"Name":"org.springframework.boot:spring-boot-autoconfigure";"Version":"3.4.6";"IsResolved":true;"IsDevelopment":false}];[{"Id":"Maven-org.springframework.boot:spring-boot-starter-actuator-3.4.6";"Name":"org.springframework.boot:spring-boot-starter-actuator";"Version":"3.4.6";"IsResolved":true;"IsDevelopment":false};{"Id":"Maven-org.springframework.boot:spring-boot-starter-3.4.6";"Name":"org.springframework.boot:spring-boot-starter";"Version":"3.4.6";"IsResolved":true;"IsDevelopment":true};{"Id":"Maven-org.springframework.boot:spring-boot-autoconfigure-3.4.6";"Name":"org.springframework.boot:spring-boot-autoconfigure";"Version":"3.4.6";"IsResolved":true;"IsDevelopment":false}];[{"Id":"Maven-org.springframework.boot:spring-boot-starter-data-jpa-3.4.6";"Name":"org.springframework.boot:spring-boot-starter-data-jpa";"Version":"3.4.6";"IsResolved":true;"IsDevelopment":false};{"Id":"Maven-org.springframework.boot:spring-boot-starter-3.4.6";"Name":"org.springframework.boot:spring-boot-starter";"Version":"3.4.6";"IsResolved":true;"IsDevelopment":true};{"Id":"Maven-org.springframework.boot:spring-boot-autoconfigure-3.4.6";"Name":"org.springframework.boot:spring-boot-autoconfigure";"Version":"3.4.6";"IsResolved":true;"IsDevelopment":false}];[{"Id":"Maven-org.springframework.boot:spring-boot-starter-test-3.4.6";"Name":"org.springframework.boot:spring-boot-starter-test";"Version":"3.4.6";"IsResolved":true;"IsDevelopment":true};{"Id":"Maven-org.springframework.boot:spring-boot-starter-3.4.6";"Name":"org.springframework.boot:spring-boot-starter";"Version":"3.4.6";"IsResolved":true;"IsDevelopment":true};{"Id":"Maven-org.springframework.boot:spring-boot-autoconfigure-3.4.6";"Name":"org.springframework.boot:spring-boot-autoconfigure";"Version":"3.4.6";"IsResolved":true;"IsDevelopment":false}];[{"Id":"Maven-org.springframework.boot:spring-boot-starter-validation-3.4.6";"Name":"org.springframework.boot:spring-boot-starter-validation";"Version":"3.4.6";"IsResolved":true;"IsDevelopment":false};{"Id":"Maven-org.springframework.boot:spring-boot-starter-3.4.6";"Name":"org.springframework.boot:spring-boot-starter";"Version":"3.4.6";"IsResolved":true;"IsDevelopment":true};{"Id":"Maven-org.springframework.boot:spring-boot-autoconfigure-3.4.6";"Name":"org.springframework.boot:spring-boot-autoconfigure";"Version":"3.4.6";"IsResolved":true;"IsDevelopment":false}];[{"Id":"Maven-org.springframework.boot:spring-boot-starter-web-3.4.6";"Name":"org.springframework.boot:spring-boot-starter-web";"Version":"3.4.6";"IsResolved":true;"IsDevelopment":false};{"Id":"Maven-org.springframework.boot:spring-boot-starter-3.4.6";"Name":"org.springframework.boot:spring-boot-starter";"Version":"3.4.6";"IsResolved":true;"IsDevelopment":true};{"Id":"Maven-org.springframework.boot:spring-boot-autoconfigure-3.4.6";"Name":"org.springframework.boot:spring-boot-autoconfigure";"Version":"3.4.6";"IsResolved":true;"IsDevelopment":false}]],,,,,"Monitored",,,,
"Maven-org.springframework.boot:spring-boot-configuration-processor-3.4.6","org.springframework.boot:spring-boot-configuration-processor","3.4.6",,"SonaType","No",["Apache 2.0"],"Copyright (c) 2012-2025 VMware, Inc.;Copyright 2012-2019 the original author or authors.;Copyright 2012-2024 the original author or authors.;Copyright 2012-2020 the original author or authors.;Copyright 2012-2023 the original author or authors.;Copyright 2012-2025 the original author or authors.;Copyright (C) 2010 The Android Open Source Project","Filename",0,0,0,0,0,36,2026-03-26T10:02:00.000Z,"4.1.0-M4",True,2025-05-22T11:54:37.000Z,0,"NONE",["pom.xml"],"Maven",False,True,False,False,False,False,"Unused","Direct",0,False,[],,,,,"Monitored",,,,
"Maven-org.springframework.boot:spring-boot-starter-3.4.6","org.springframework.boot:spring-boot-starter","3.4.6",,"SonaType","No",["Apache 2.0"],"Copyright (c) 2012-2025 VMware, Inc.","Filename",0,0,0,0,0,36,2026-03-26T10:02:00.000Z,"4.1.0-M4",True,2025-05-22T11:53:34.000Z,0,"NONE",["pom.xml"],"Maven",False,False,False,False,False,False,"Package source code not available","Transitive",0,False,[[{"Id":"Maven-net.devh:grpc-client-spring-boot-starter-3.1.0.RELEASE";"Name":"net.devh:grpc-client-spring-boot-starter";"Version":"3.1.0.RELEASE";"IsResolved":true;"IsDevelopment":false};{"Id":"Maven-org.springframework.boot:spring-boot-starter-3.4.6";"Name":"org.springframework.boot:spring-boot-starter";"Version":"3.4.6";"IsResolved":true;"IsDevelopment":true}];[{"Id":"Maven-net.devh:grpc-server-spring-boot-starter-3.1.0.RELEASE";"Name":"net.devh:grpc-server-spring-boot-starter";"Version":"3.1.0.RELEASE";"IsResolved":true;"IsDevelopment":false};{"Id":"Maven-org.springframework.boot:spring-boot-starter-3.4.6";"Name":"org.springframework.boot:spring-boot-starter";"Version":"3.4.6";"IsResolved":true;"IsDevelopment":true}];[{"Id":"Maven-org.springframework.boot:spring-boot-starter-actuator-3.4.6";"Name":"org.springframework.boot:spring-boot-starter-actuator";"Version":"3.4.6";"IsResolved":true;"IsDevelopment":false};{"Id":"Maven-org.springframework.boot:spring-boot-starter-3.4.6";"Name":"org.springframework.boot:spring-boot-starter";"Version":"3.4.6";"IsResolved":true;"IsDevelopment":true}];[{"Id":"Maven-org.springframework.boot:spring-boot-starter-data-jpa-3.4.6";"Name":"org.springframework.boot:spring-boot-starter-data-jpa";"Version":"3.4.6";"IsResolved":true;"IsDevelopment":false};{"Id":"Maven-org.springframework.boot:spring-boot-starter-3.4.6";"Name":"org.springframework.boot:spring-boot-starter";"Version":"3.4.6";"IsResolved":true;"IsDevelopment":true}];[{"Id":"Maven-org.springframework.boot:spring-boot-starter-test-3.4.6";"Name":"org.springframework.boot:spring-boot-starter-test";"Version":"3.4.6";"IsResolved":true;"IsDevelopment":true};{"Id":"Maven-org.springframework.boot:spring-boot-starter-3.4.6";"Name":"org.springframework.boot:spring-boot-starter";"Version":"3.4.6";"IsResolved":true;"IsDevelopment":true}];[{"Id":"Maven-org.springframework.boot:spring-boot-starter-validation-3.4.6";"Name":"org.springframework.boot:spring-boot-starter-validation";"Version":"3.4.6";"IsResolved":true;"IsDevelopment":false};{"Id":"Maven-org.springframework.boot:spring-boot-starter-3.4.6";"Name":"org.springframework.boot:spring-boot-starter";"Version":"3.4.6";"IsResolved":true;"IsDevelopment":true}];[{"Id":"Maven-org.springframework.boot:spring-boot-starter-web-3.4.6";"Name":"org.springframework.boot:spring-boot-starter-web";"Version":"3.4.6";"IsResolved":true;"IsDevelopment":false};{"Id":"Maven-org.springframework.boot:spring-boot-starter-3.4.6";"Name":"org.springframework.boot:spring-boot-starter";"Version":"3.4.6";"IsResolved":true;"IsDevelopment":true}]],,,,,"Monitored",,,,
"Maven-org.springframework.boot:spring-boot-starter-data-jpa-3.4.6","org.springframework.boot:spring-boot-starter-data-jpa","3.4.6",,"SonaType","No",["Apache 2.0"],"Copyright (c) 2012-2025 VMware, Inc.","Filename",0,0,0,0,0,36,2026-03-26T10:02:00.000Z,"4.1.0-M4",True,2025-05-22T11:52:12.000Z,0,"NONE",["pom.xml"],"Maven",False,True,False,False,False,False,"Package source code not available","Direct",0,False,[],,,,,"Monitored",,,,
"Maven-org.springframework.boot:spring-boot-starter-jdbc-3.4.6","org.springframework.boot:spring-boot-starter-jdbc","3.4.6",,"SonaType","No",["Apache 2.0"],"Copyright (c) 2012-2025 VMware, Inc.","Filename",0,0,0,0,0,36,2026-03-26T10:02:00.000Z,"4.1.0-M4",True,2025-05-22T11:50:51.000Z,0,"NONE",["pom.xml"],"Maven",False,False,False,False,False,False,"Package source code not available","Transitive",0,False,[[{"Id":"Maven-org.springframework.boot:spring-boot-starter-data-jpa-3.4.6";"Name":"org.springframework.boot:spring-boot-starter-data-jpa";"Version":"3.4.6";"IsResolved":true;"IsDevelopment":false};{"Id":"Maven-org.springframework.boot:spring-boot-starter-jdbc-3.4.6";"Name":"org.springframework.boot:spring-boot-starter-jdbc";"Version":"3.4.6";"IsResolved":true;"IsDevelopment":false}]],,,,,"Monitored",,,,
"Maven-org.springframework.boot:spring-boot-starter-json-3.4.6","org.springframework.boot:spring-boot-starter-json","3.4.6",,"SonaType","No",["Apache 2.0"],"Copyright (c) 2012-2025 VMware, Inc.","Filename",0,0,0,0,0,36,2026-03-26T10:02:00.000Z,"4.1.0-M4",True,2025-05-22T11:50:28.000Z,0,"NONE",["pom.xml"],"Maven",False,False,False,False,False,False,"Package source code not available","Transitive",0,False,[[{"Id":"Maven-org.springframework.boot:spring-boot-starter-web-3.4.6";"Name":"org.springframework.boot:spring-boot-starter-web";"Version":"3.4.6";"IsResolved":true;"IsDevelopment":false};{"Id":"Maven-org.springframework.boot:spring-boot-starter-json-3.4.6";"Name":"org.springframework.boot:spring-boot-starter-json";"Version":"3.4.6";"IsResolved":true;"IsDevelopment":false}]],,,,,"Monitored",,,,
"Maven-org.springframework.boot:spring-boot-starter-logging-3.4.6","org.springframework.boot:spring-boot-starter-logging","3.4.6",,"SonaType","No",["Apache 2.0"],"Copyright (c) 2012-2025 VMware, Inc.","Filename",0,0,0,0,0,36,2026-03-26T10:02:00.000Z,"4.1.0-M4",True,2025-05-22T11:50:17.000Z,0,"NONE",["pom.xml"],"Maven",False,False,False,False,False,False,"Package source code not available","Transitive",0,False,[[{"Id":"Maven-net.devh:grpc-client-spring-boot-starter-3.1.0.RELEASE";"Name":"net.devh:grpc-client-spring-boot-starter";"Version":"3.1.0.RELEASE";"IsResolved":true;"IsDevelopment":false};{"Id":"Maven-org.springframework.boot:spring-boot-starter-3.4.6";"Name":"org.springframework.boot:spring-boot-starter";"Version":"3.4.6";"IsResolved":true;"IsDevelopment":true};{"Id":"Maven-org.springframework.boot:spring-boot-starter-logging-3.4.6";"Name":"org.springframework.boot:spring-boot-starter-logging";"Version":"3.4.6";"IsResolved":true;"IsDevelopment":true}];[{"Id":"Maven-net.devh:grpc-server-spring-boot-starter-3.1.0.RELEASE";"Name":"net.devh:grpc-server-spring-boot-starter";"Version":"3.1.0.RELEASE";"IsResolved":true;"IsDevelopment":false};{"Id":"Maven-org.springframework.boot:spring-boot-starter-3.4.6";"Name":"org.springframework.boot:spring-boot-starter";"Version":"3.4.6";"IsResolved":true;"IsDevelopment":true};{"Id":"Maven-org.springframework.boot:spring-boot-starter-logging-3.4.6";"Name":"org.springframework.boot:spring-boot-starter-logging";"Version":"3.4.6";"IsResolved":true;"IsDevelopment":true}];[{"Id":"Maven-org.springframework.boot:spring-boot-starter-actuator-3.4.6";"Name":"org.springframework.boot:spring-boot-starter-actuator";"Version":"3.4.6";"IsResolved":true;"IsDevelopment":false};{"Id":"Maven-org.springframework.boot:spring-boot-starter-3.4.6";"Name":"org.springframework.boot:spring-boot-starter";"Version":"3.4.6";"IsResolved":true;"IsDevelopment":true};{"Id":"Maven-org.springframework.boot:spring-boot-starter-logging-3.4.6";"Name":"org.springframework.boot:spring-boot-starter-logging";"Version":"3.4.6";"IsResolved":true;"IsDevelopment":true}];[{"Id":"Maven-org.springframework.boot:spring-boot-starter-data-jpa-3.4.6";"Name":"org.springframework.boot:spring-boot-starter-data-jpa";"Version":"3.4.6";"IsResolved":true;"IsDevelopment":false};{"Id":"Maven-org.springframework.boot:spring-boot-starter-3.4.6";"Name":"org.springframework.boot:spring-boot-starter";"Version":"3.4.6";"IsResolved":true;"IsDevelopment":true};{"Id":"Maven-org.springframework.boot:spring-boot-starter-logging-3.4.6";"Name":"org.springframework.boot:spring-boot-starter-logging";"Version":"3.4.6";"IsResolved":true;"IsDevelopment":true}];[{"Id":"Maven-org.springframework.boot:spring-boot-starter-test-3.4.6";"Name":"org.springframework.boot:spring-boot-starter-test";"Version":"3.4.6";"IsResolved":true;"IsDevelopment":true};{"Id":"Maven-org.springframework.boot:spring-boot-starter-3.4.6";"Name":"org.springframework.boot:spring-boot-starter";"Version":"3.4.6";"IsResolved":true;"IsDevelopment":true};{"Id":"Maven-org.springframework.boot:spring-boot-starter-logging-3.4.6";"Name":"org.springframework.boot:spring-boot-starter-logging";"Version":"3.4.6";"IsResolved":true;"IsDevelopment":true}];[{"Id":"Maven-org.springframework.boot:spring-boot-starter-validation-3.4.6";"Name":"org.springframework.boot:spring-boot-starter-validation";"Version":"3.4.6";"IsResolved":true;"IsDevelopment":false};{"Id":"Maven-org.springframework.boot:spring-boot-starter-3.4.6";"Name":"org.springframework.boot:spring-boot-starter";"Version":"3.4.6";"IsResolved":true;"IsDevelopment":true};{"Id":"Maven-org.springframework.boot:spring-boot-starter-logging-3.4.6";"Name":"org.springframework.boot:spring-boot-starter-logging";"Version":"3.4.6";"IsResolved":true;"IsDevelopment":true}];[{"Id":"Maven-org.springframework.boot:spring-boot-starter-web-3.4.6";"Name":"org.springframework.boot:spring-boot-starter-web";"Version":"3.4.6";"IsResolved":true;"IsDevelopment":false};{"Id":"Maven-org.springframework.boot:spring-boot-starter-3.4.6";"Name":"org.springframework.boot:spring-boot-starter";"Version":"3.4.6";"IsResolved":true;"IsDevelopment":true};{"Id":"Maven-org.springframework.boot:spring-boot-starter-logging-3.4.6";"Name":"org.springframework.boot:spring-boot-starter-logging";"Version":"3.4.6";"IsResolved":true;"IsDevelopment":true}]],,,,,"Monitored",,,,
"Maven-org.springframework.boot:spring-boot-starter-test-3.4.6","org.springframework.boot:spring-boot-starter-test","3.4.6",,"SonaType","No",["Apache 2.0"],"Copyright (c) 2012-2025 VMware, Inc.","Filename",0,0,0,0,0,36,2026-03-26T10:02:00.000Z,"4.1.0-M4",True,2025-05-22T11:49:06.000Z,0,"NONE",["pom.xml"],"Maven",False,True,True,False,False,False,"Package source code not available","Direct",0,False,[],,,,,"Monitored",,,,
"Maven-org.springframework.boot:spring-boot-starter-tomcat-3.4.6","org.springframework.boot:spring-boot-starter-tomcat","3.4.6",,"SonaType","No",["Apache 2.0"],"Copyright (c) 2012-2025 VMware, Inc.","Filename",0,0,0,0,0,36,2026-03-26T10:02:00.000Z,"4.1.0-M4",True,2025-05-22T11:48:54.000Z,0,"NONE",["pom.xml"],"Maven",False,False,False,False,False,False,"Package source code not available","Transitive",0,False,[[{"Id":"Maven-org.springframework.boot:spring-boot-starter-web-3.4.6";"Name":"org.springframework.boot:spring-boot-starter-web";"Version":"3.4.6";"IsResolved":true;"IsDevelopment":false};{"Id":"Maven-org.springframework.boot:spring-boot-starter-tomcat-3.4.6";"Name":"org.springframework.boot:spring-boot-starter-tomcat";"Version":"3.4.6";"IsResolved":true;"IsDevelopment":false}]],,,,,"Monitored",,,,
"Maven-org.springframework.boot:spring-boot-starter-validation-3.4.6","org.springframework.boot:spring-boot-starter-validation","3.4.6",,"SonaType","No",["Apache 2.0"],"Copyright (c) 2012-2025 VMware, Inc.","Filename",0,0,0,0,0,36,2026-03-26T10:02:00.000Z,"4.1.0-M4",True,2025-05-22T11:48:42.000Z,0,"NONE",["pom.xml"],"Maven",False,True,False,False,False,False,"Package source code not available","Direct",0,False,[],,,,,"Monitored",,,,
"Maven-org.springframework.boot:spring-boot-starter-web-3.4.6","org.springframework.boot:spring-boot-starter-web","3.4.6",,"SonaType","No",["Apache 2.0"],"Copyright (c) 2012-2025 VMware, Inc.","Filename",0,0,0,0,0,36,2026-03-26T10:02:00.000Z,"4.1.0-M4",True,2025-05-22T11:48:37.000Z,0,"NONE",["pom.xml"],"Maven",False,True,False,False,False,False,"Package source code not available","Direct",0,False,[],,,,,"Monitored",,,,
"Maven-org.springframework.boot:spring-boot-test-3.4.6","org.springframework.boot:spring-boot-test","3.4.6",,"SonaType","No",["Apache 2.0"],"Copyright (c) 2012-2025 VMware, Inc.;Copyright 2012-2023 the original author or authors.;Copyright 2012-2019 the original author or authors.;Copyright 2012-2022 the original author or authors.;Copyright 2012-2024 the original author or authors.;Copyright 2012-2020 the original author or authors.;Copyright 2012-2025 the original author or authors.;Copyright 2012-2021 the original author or authors.","Filename",0,0,0,0,0,36,2026-03-26T10:02:00.000Z,"4.1.0-M4",True,2025-05-22T11:48:13.000Z,0,"NONE",["pom.xml"],"Maven",False,False,True,False,False,False,"Used","Transitive",0,False,[[{"Id":"Maven-org.springframework.boot:spring-boot-starter-test-3.4.6";"Name":"org.springframework.boot:spring-boot-starter-test";"Version":"3.4.6";"IsResolved":true;"IsDevelopment":true};{"Id":"Maven-org.springframework.boot:spring-boot-test-3.4.6";"Name":"org.springframework.boot:spring-boot-test";"Version":"3.4.6";"IsResolved":true;"IsDevelopment":true}]],,,,,"Monitored",,,,
"Maven-org.springframework.boot:spring-boot-test-autoconfigure-3.4.6","org.springframework.boot:spring-boot-test-autoconfigure","3.4.6",,"SonaType","No",["Apache 2.0"],"Copyright (c) 2012-2025 VMware, Inc.;Copyright 2012-2021 the original author or authors.;Copyright 2012-2019 the original author or authors.;Copyright 2012-2024 the original author or authors.;Copyright 2012-2022 the original author or authors.;Copyright 2012-2025 the original author or authors.;Copyright 2012-2023 the original author or authors.;Copyright 2012-2020 the original author or authors.","Filename",0,0,0,0,0,36,2026-03-26T10:02:00.000Z,"4.1.0-M4",True,2025-05-22T11:48:06.000Z,0,"NONE",["pom.xml"],"Maven",False,False,True,False,False,False,"Unused","Transitive",0,False,[[{"Id":"Maven-org.springframework.boot:spring-boot-starter-test-3.4.6";"Name":"org.springframework.boot:spring-boot-starter-test";"Version":"3.4.6";"IsResolved":true;"IsDevelopment":true};{"Id":"Maven-org.springframework.boot:spring-boot-test-autoconfigure-3.4.6";"Name":"org.springframework.boot:spring-boot-test-autoconfigure";"Version":"3.4.6";"IsResolved":true;"IsDevelopment":true}]],,,,,"Monitored",,,,
"Maven-org.springframework.data:spring-data-commons-3.4.6","org.springframework.data:spring-data-commons","3.4.6",,"SonaType","No",["Apache 2.0"],"Copyright (c) [2010-2021] Pivotal Software, Inc.;Copyright 2010-2025 the original author or authors.;Copyright 2011-2025 the original author or authors.;Copyright 2014-2025 the original author or authors.;Copyright 2013-2025 the original author or authors.;Copyright 2011-2022.2017 the original author or authors.;Copyright 2017-2025 the original author or authors.;Copyright 2020-2025 the original author or authors.;Copyright 2016-2025 the original author or authors.;Copyright 2023-2025 the original author or authors.;Copyright 2024-2025 the original author or authors.;Copyright 2022-2025 the original author or authors.;Copyright 2015-2025 the original author or authors.;Copyright 2021-2025 the original author or authors.;Copyright 2019-2025 the original author or authors.;Copyright 2012-2025 the original author or authors.;Copyright 2018-2025 the original author or authors.;Copyright 2008-2025 the original author or authors.;Copyright 2022. the original author or authors.","Filename",0,0,0,0,0,31,2026-03-13T13:31:00.000Z,"4.1.0-M2",True,2025-05-16T08:58:02.000Z,0,"NONE",["pom.xml"],"Maven",False,False,False,False,False,False,"Used","Transitive",0,False,[[{"Id":"Maven-org.springframework.boot:spring-boot-starter-data-jpa-3.4.6";"Name":"org.springframework.boot:spring-boot-starter-data-jpa";"Version":"3.4.6";"IsResolved":true;"IsDevelopment":false};{"Id":"Maven-org.springframework.data:spring-data-jpa-3.4.6";"Name":"org.springframework.data:spring-data-jpa";"Version":"3.4.6";"IsResolved":true;"IsDevelopment":false};{"Id":"Maven-org.springframework.data:spring-data-commons-3.4.6";"Name":"org.springframework.data:spring-data-commons";"Version":"3.4.6";"IsResolved":true;"IsDevelopment":false}]],,,,,"Monitored",,,,
"Maven-org.springframework.data:spring-data-jpa-3.4.6","org.springframework.data:spring-data-jpa","3.4.6",,"SonaType","No",["Apache 2.0"],"Copyright (c) [2011-2019] Pivotal Software, Inc.;Copyright 2012-2025 the original author or authors.;Copyright 2014-2025 the original author or authors.;Copyright 2016-2025 the original author or authors.;Copyright 2017-2025 the original author or authors.;Copyright 2018-2025 the original author or authors.;Copyright 2008-2025 the original author or authors.;Copyright 2013-2025 the original author or authors.;Copyright 2011-2025 the original author or authors.;Copyright 2022-2025 the original author or authors.;Copyright 2024-2025 the original author or authors.;Copyright 2015-2025 the original author or authors.;Copyright 2020-2025 the original author or authors.;Copyright 2019-2025 the original author or authors.;Copyright 2021-2025 the original author or authors.;Copyright 2023-2025 the original author or authors.","Filename",0,0,0,0,0,31,2026-03-13T13:31:00.000Z,"4.1.0-M2",True,2025-05-16T09:02:38.000Z,0,"NONE",["pom.xml"],"Maven",False,False,False,False,False,False,"Used","Transitive",0,False,[[{"Id":"Maven-org.springframework.boot:spring-boot-starter-data-jpa-3.4.6";"Name":"org.springframework.boot:spring-boot-starter-data-jpa";"Version":"3.4.6";"IsResolved":true;"IsDevelopment":false};{"Id":"Maven-org.springframework.data:spring-data-jpa-3.4.6";"Name":"org.springframework.data:spring-data-jpa";"Version":"3.4.6";"IsResolved":true;"IsDevelopment":false}]],,,,,"Monitored",,,,
"Maven-org.xmlunit:xmlunit-core-2.10.1","org.xmlunit:xmlunit-core","2.10.1",,"SonaType","No",["Apache 2.0"],,"Filename",0,0,0,0,0,4,2025-10-24T11:49:00.000Z,"2.11.0",True,2025-05-19T03:15:00.000Z,0,"NONE",["pom.xml"],"Maven",False,False,True,False,False,False,"Unused","Transitive",0,False,[[{"Id":"Maven-org.springframework.boot:spring-boot-starter-test-3.4.6";"Name":"org.springframework.boot:spring-boot-starter-test";"Version":"3.4.6";"IsResolved":true;"IsDevelopment":true};{"Id":"Maven-org.xmlunit:xmlunit-core-2.10.1";"Name":"org.xmlunit:xmlunit-core";"Version":"2.10.1";"IsResolved":true;"IsDevelopment":true}]],,,,,"Monitored",,,,
"Maven-org.yaml:snakeyaml-2.3","org.yaml:snakeyaml","2.3",,"SonaType","No",["Apache 2.0"],"Copyright (c) 2008, SnakeYAML;Copyright 2003-2010 Christian d'Heureuse, Inventec Informatik AG, Zurich, Switzerland;Copyright (c) 2008 Google Inc.","Filename",0,0,0,0,0,7,2026-02-26T20:36:00.000Z,"2.6",True,2024-08-31T17:22:04.150Z,0,"NONE",["pom.xml"],"Maven",False,False,False,False,False,False,"Potentially","Transitive",0,False,[[{"Id":"Maven-net.devh:grpc-client-spring-boot-starter-3.1.0.RELEASE";"Name":"net.devh:grpc-client-spring-boot-starter";"Version":"3.1.0.RELEASE";"IsResolved":true;"IsDevelopment":false};{"Id":"Maven-org.springframework.boot:spring-boot-starter-3.4.6";"Name":"org.springframework.boot:spring-boot-starter";"Version":"3.4.6";"IsResolved":true;"IsDevelopment":true};{"Id":"Maven-org.yaml:snakeyaml-2.3";"Name":"org.yaml:snakeyaml";"Version":"2.3";"IsResolved":true;"IsDevelopment":false}];[{"Id":"Maven-net.devh:grpc-server-spring-boot-starter-3.1.0.RELEASE";"Name":"net.devh:grpc-server-spring-boot-starter";"Version":"3.1.0.RELEASE";"IsResolved":true;"IsDevelopment":false};{"Id":"Maven-org.springframework.boot:spring-boot-starter-3.4.6";"Name":"org.springframework.boot:spring-boot-starter";"Version":"3.4.6";"IsResolved":true;"IsDevelopment":true};{"Id":"Maven-org.yaml:snakeyaml-2.3";"Name":"org.yaml:snakeyaml";"Version":"2.3";"IsResolved":true;"IsDevelopment":false}];[{"Id":"Maven-org.springframework.boot:spring-boot-starter-actuator-3.4.6";"Name":"org.springframework.boot:spring-boot-starter-actuator";"Version":"3.4.6";"IsResolved":true;"IsDevelopment":false};{"Id":"Maven-org.springframework.boot:spring-boot-starter-3.4.6";"Name":"org.springframework.boot:spring-boot-starter";"Version":"3.4.6";"IsResolved":true;"IsDevelopment":true};{"Id":"Maven-org.yaml:snakeyaml-2.3";"Name":"org.yaml:snakeyaml";"Version":"2.3";"IsResolved":true;"IsDevelopment":false}];[{"Id":"Maven-org.springframework.boot:spring-boot-starter-data-jpa-3.4.6";"Name":"org.springframework.boot:spring-boot-starter-data-jpa";"Version":"3.4.6";"IsResolved":true;"IsDevelopment":false};{"Id":"Maven-org.springframework.boot:spring-boot-starter-3.4.6";"Name":"org.springframework.boot:spring-boot-starter";"Version":"3.4.6";"IsResolved":true;"IsDevelopment":true};{"Id":"Maven-org.yaml:snakeyaml-2.3";"Name":"org.yaml:snakeyaml";"Version":"2.3";"IsResolved":true;"IsDevelopment":false}];[{"Id":"Maven-org.springframework.boot:spring-boot-starter-test-3.4.6";"Name":"org.springframework.boot:spring-boot-starter-test";"Version":"3.4.6";"IsResolved":true;"IsDevelopment":true};{"Id":"Maven-org.springframework.boot:spring-boot-starter-3.4.6";"Name":"org.springframework.boot:spring-boot-starter";"Version":"3.4.6";"IsResolved":true;"IsDevelopment":true};{"Id":"Maven-org.yaml:snakeyaml-2.3";"Name":"org.yaml:snakeyaml";"Version":"2.3";"IsResolved":true;"IsDevelopment":false}];[{"Id":"Maven-org.springframework.boot:spring-boot-starter-validation-3.4.6";"Name":"org.springframework.boot:spring-boot-starter-validation";"Version":"3.4.6";"IsResolved":true;"IsDevelopment":false};{"Id":"Maven-org.springframework.boot:spring-boot-starter-3.4.6";"Name":"org.springframework.boot:spring-boot-starter";"Version":"3.4.6";"IsResolved":true;"IsDevelopment":true};{"Id":"Maven-org.yaml:snakeyaml-2.3";"Name":"org.yaml:snakeyaml";"Version":"2.3";"IsResolved":true;"IsDevelopment":false}];[{"Id":"Maven-org.springframework.boot:spring-boot-starter-web-3.4.6";"Name":"org.springframework.boot:spring-boot-starter-web";"Version":"3.4.6";"IsResolved":true;"IsDevelopment":false};{"Id":"Maven-org.springframework.boot:spring-boot-starter-3.4.6";"Name":"org.springframework.boot:spring-boot-starter";"Version":"3.4.6";"IsResolved":true;"IsDevelopment":true};{"Id":"Maven-org.yaml:snakeyaml-2.3";"Name":"org.yaml:snakeyaml";"Version":"2.3";"IsResolved":true;"IsDevelopment":false}]],,,,,"Monitored",,,,
"Maven-tools.jackson.core:jackson-core-3.1.1","tools.jackson.core:jackson-core","3.1.1",,"SonaType","No",["Apache 2.0"],"Copyright 2007-, Tatu Saloranta (tatu.saloranta@iki.fi);Copyright © 2023 Werner Randelshofer, Switzerland. MIT License.;Copyright (c) 2007- Tatu Saloranta, tatu.saloranta@iki.fi;Copyright 2018-2020 Raffaello Giulietti","Filename",0,0,0,0,0,1,2026-04-11T17:27:00.000Z,"3.1.2",True,2026-03-27T22:09:00.000Z,0,"NONE",["pom.xml"],"Maven",False,False,False,False,False,False,"Unused","Transitive",0,False,[[{"Id":"Maven-tools.jackson.datatype:jackson-datatype-guava-3.1.0";"Name":"tools.jackson.datatype:jackson-datatype-guava";"Version":"3.1.0";"IsResolved":true;"IsDevelopment":false};{"Id":"Maven-tools.jackson.core:jackson-core-3.1.1";"Name":"tools.jackson.core:jackson-core";"Version":"3.1.1";"IsResolved":true;"IsDevelopment":false}]],,,,,"Monitored",,,,
"Maven-tools.jackson.core:jackson-databind-3.1.0","tools.jackson.core:jackson-databind","3.1.0",,"SonaType","No",["Apache 2.0"],"Copyright 2007-, Tatu Saloranta (tatu.saloranta@iki.fi)","Filename",0,0,0,0,0,2,2026-04-11T17:37:00.000Z,"3.1.2",True,2026-02-23T21:13:00.000Z,0,"NONE",["pom.xml"],"Maven",False,False,False,False,False,False,"Unused","Transitive",0,False,[[{"Id":"Maven-tools.jackson.datatype:jackson-datatype-guava-3.1.0";"Name":"tools.jackson.datatype:jackson-datatype-guava";"Version":"3.1.0";"IsResolved":true;"IsDevelopment":false};{"Id":"Maven-tools.jackson.core:jackson-databind-3.1.0";"Name":"tools.jackson.core:jackson-databind";"Version":"3.1.0";"IsResolved":true;"IsDevelopment":false}]],,,,,"Monitored",,,,
"Maven-tools.jackson.datatype:jackson-datatype-guava-3.1.0","tools.jackson.datatype:jackson-datatype-guava","3.1.0",,"SonaType","No",["Apache 2.0"],,"Filename",0,0,0,0,0,2,2026-04-11T18:24:00.000Z,"3.1.2",True,2026-02-23T21:41:00.000Z,0,"NONE",["pom.xml"],"Maven",False,True,False,False,False,False,"Unused","Direct",0,False,[],,,,,"Monitored",,,,
